model,backbone,variant,dataset_type,mean_accuracy_across_splits_pct,std_accuracy_across_splits_pct,n_splits
mBERT (TargetSim),mBERT,TargetSim,monolingual,85.15333333333334,,1
mBERT (GloSeGAT),mBERT,GloSeGAT,monolingual,84.88666666666667,,1
mBERT (TargetPOS),mBERT,TargetPOS,monolingual,84.65333333333334,,1
mBERT (MarkCLS),mBERT,MarkCLS,monolingual,83.77333333333333,,1
mBERT (PairCLS),mBERT,PairCLS,monolingual,81.34,,1
mBERT (TargetPOS),mBERT,TargetPOS,multilingual,77.885,2.85778663382074,4
mBERT (TargetSim),mBERT,TargetSim,multilingual,77.47,3.5863300131141003,4
mBERT (GloSeGAT),mBERT,GloSeGAT,multilingual,76.46833333333333,2.637773331457458,4
mBERT (MarkCLS),mBERT,MarkCLS,multilingual,75.44,2.554165805691358,4
mBERT (PairCLS),mBERT,PairCLS,multilingual,72.77833333333334,3.0368764411017,4
mBERT (GloSeGAT),mBERT,GloSeGAT,cross_lingual,80.04833333333332,5.463767184997166,4
mBERT (TargetPOS),mBERT,TargetPOS,cross_lingual,76.85000000000001,6.2652326964559535,4
mBERT (TargetSim),mBERT,TargetSim,cross_lingual,76.36,6.855427695548169,4
mBERT (MarkCLS),mBERT,MarkCLS,cross_lingual,64.75999999999999,5.245462236454866,4
mBERT (PairCLS),mBERT,PairCLS,cross_lingual,59.614999999999995,5.144563113582105,4
mBERT (GloSeGAT),mBERT,GloSeGAT,overall,78.99481481481482,4.678645076631314,9
mBERT (TargetPOS),mBERT,TargetPOS,overall,78.17703703703704,4.893719456962852,9
mBERT (TargetSim),mBERT,TargetSim,overall,77.83037037037037,5.504193463079978,9
mBERT (MarkCLS),mBERT,MarkCLS,overall,71.61925925925927,7.877399771529552,9
mBERT (PairCLS),mBERT,PairCLS,overall,67.87925925925926,9.065419304174176,9
