dataset_type,split,split_label,backbone,variant,model,accuracy_mean_pct,accuracy_std_pct,accuracy_count
monolingual,test.en-en,En-En,mBERT,PairCLS,mBERT (PairCLS),81.34,0.67167168850775,15
multilingual,test.ar-ar,Ar-Ar,mBERT,PairCLS,mBERT (PairCLS),73.88666666666667,0.605765945685609,15
multilingual,test.fr-fr,Fr-Fr,mBERT,PairCLS,mBERT (PairCLS),76.53333333333333,1.2192894105447942,15
multilingual,test.ru-ru,Ru-Ru,mBERT,PairCLS,mBERT (PairCLS),70.85333333333334,0.9583219461021197,15
multilingual,test.zh-zh,Zh-Zh,mBERT,PairCLS,mBERT (PairCLS),69.83999999999999,1.222877169395425,15
cross-lingual,test.en-ar,En-Ar,mBERT,PairCLS,mBERT (PairCLS),55.50666666666667,1.731418356091186,15
cross-lingual,test.en-fr,En-Fr,mBERT,PairCLS,mBERT (PairCLS),65.9,2.3772733480667663,15
cross-lingual,test.en-ru,En-Ru,mBERT,PairCLS,mBERT (PairCLS),61.739999999999995,2.0569741994353916,15
cross-lingual,test.en-zh,En-Zh,mBERT,PairCLS,mBERT (PairCLS),55.31333333333334,1.5720172057703703,15
monolingual,test.en-en,En-En,mBERT,MarkCLS,mBERT (MarkCLS),83.77333333333333,1.0436657009014414,15
multilingual,test.ar-ar,Ar-Ar,mBERT,MarkCLS,mBERT (MarkCLS),75.1,0.9007933011676846,15
multilingual,test.fr-fr,Fr-Fr,mBERT,MarkCLS,mBERT (MarkCLS),79.09333333333333,0.6441679757271266,15
multilingual,test.ru-ru,Ru-Ru,mBERT,MarkCLS,mBERT (MarkCLS),73.22666666666666,0.7449512607898454,15
multilingual,test.zh-zh,Zh-Zh,mBERT,MarkCLS,mBERT (MarkCLS),74.33999999999999,2.097549590764013,15
cross-lingual,test.en-ar,En-Ar,mBERT,MarkCLS,mBERT (MarkCLS),59.519999999999996,2.1647170715823347,15
cross-lingual,test.en-fr,En-Fr,mBERT,MarkCLS,mBERT (MarkCLS),71.03333333333333,2.371156037122176,15
cross-lingual,test.en-ru,En-Ru,mBERT,MarkCLS,mBERT (MarkCLS),67.0,1.5766148184367306,15
cross-lingual,test.en-zh,En-Zh,mBERT,MarkCLS,mBERT (MarkCLS),61.48666666666666,3.0446361890724387,15
monolingual,test.en-en,En-En,mBERT,TargetSim,mBERT (TargetSim),85.15333333333334,0.9303353210127039,15
multilingual,test.ar-ar,Ar-Ar,mBERT,TargetSim,mBERT (TargetSim),72.72666666666666,1.7922319152652215,15
multilingual,test.fr-fr,Fr-Fr,mBERT,TargetSim,mBERT (TargetSim),80.51333333333334,1.13317926123594,15
multilingual,test.ru-ru,Ru-Ru,mBERT,TargetSim,mBERT (TargetSim),76.68,0.7930051341934323,15
multilingual,test.zh-zh,Zh-Zh,mBERT,TargetSim,mBERT (TargetSim),79.96,0.9210242745366187,15
cross-lingual,test.en-ar,En-Ar,mBERT,TargetSim,mBERT (TargetSim),66.20666666666666,4.424197532832795,15
cross-lingual,test.en-fr,En-Fr,mBERT,TargetSim,mBERT (TargetSim),80.19999999999999,2.6806182655712605,15
cross-lingual,test.en-ru,En-Ru,mBERT,TargetSim,mBERT (TargetSim),78.24666666666667,2.6747140479115235,15
cross-lingual,test.en-zh,En-Zh,mBERT,TargetSim,mBERT (TargetSim),80.78666666666668,3.0905077406856782,15
monolingual,test.en-en,En-En,mBERT,TargetPOS,mBERT (TargetPOS),84.65333333333334,1.5212150532042623,15
multilingual,test.ar-ar,Ar-Ar,mBERT,TargetPOS,mBERT (TargetPOS),74.15333333333332,1.2088168162455788,15
multilingual,test.fr-fr,Fr-Fr,mBERT,TargetPOS,mBERT (TargetPOS),80.51333333333334,1.0405126941400853,15
multilingual,test.ru-ru,Ru-Ru,mBERT,TargetPOS,mBERT (TargetPOS),77.2,0.8544003745317521,15
multilingual,test.zh-zh,Zh-Zh,mBERT,TargetPOS,mBERT (TargetPOS),79.67333333333335,1.0746871083959182,15
cross-lingual,test.en-ar,En-Ar,mBERT,TargetPOS,mBERT (TargetPOS),67.60000000000001,2.6229754097207976,15
cross-lingual,test.en-fr,En-Fr,mBERT,TargetPOS,mBERT (TargetPOS),80.42666666666666,1.1828939492778257,15
cross-lingual,test.en-ru,En-Ru,mBERT,TargetPOS,mBERT (TargetPOS),78.4,1.5132745950421556,15
cross-lingual,test.en-zh,En-Zh,mBERT,TargetPOS,mBERT (TargetPOS),80.97333333333334,2.26824874759193,15
monolingual,test.en-en,En-En,mBERT,GloSeGAT,mBERT (GloSeGAT),84.88666666666667,0.7170043501229539,15
multilingual,test.ar-ar,Ar-Ar,mBERT,GloSeGAT,mBERT (GloSeGAT),72.76666666666665,1.1273652384885666,15
multilingual,test.fr-fr,Fr-Fr,mBERT,GloSeGAT,mBERT (GloSeGAT),78.18,1.0029955134495858,15
multilingual,test.ru-ru,Ru-Ru,mBERT,GloSeGAT,mBERT (GloSeGAT),76.4,0.9242757782641059,15
multilingual,test.zh-zh,Zh-Zh,mBERT,GloSeGAT,mBERT (GloSeGAT),78.52666666666667,1.1385872616453054,15
cross-lingual,test.en-ar,En-Ar,mBERT,GloSeGAT,mBERT (GloSeGAT),72.11333333333333,2.865027216691135,15
cross-lingual,test.en-fr,En-Fr,mBERT,GloSeGAT,mBERT (GloSeGAT),82.47333333333331,1.495453427018356,15
cross-lingual,test.en-ru,En-Ru,mBERT,GloSeGAT,mBERT (GloSeGAT),81.14,1.290514847426624,15
cross-lingual,test.en-zh,En-Zh,mBERT,GloSeGAT,mBERT (GloSeGAT),84.46666666666667,2.0335284839996923,15
