model,backbone,variant,hyperparameter,value
mBERT (PairCLS),mBERT,PairCLS,lr_encoder,1.0569064414047021e-05
mBERT (PairCLS),mBERT,PairCLS,lr_head,0.0004057797837985251
mBERT (PairCLS),mBERT,PairCLS,weight_decay,0.02587799816000169
mBERT (PairCLS),mBERT,PairCLS,dropout,0.2487566853061946
mBERT (PairCLS),mBERT,PairCLS,batch_size,16.0
mBERT (PairCLS),mBERT,PairCLS,warmup_ratio,0.08200654190149194
mBERT (GloSeGAT),mBERT,GloSeGAT,lr_encoder,2.6176655097040075e-05
mBERT (GloSeGAT),mBERT,GloSeGAT,lr_head,0.0004176805377655882
mBERT (GloSeGAT),mBERT,GloSeGAT,weight_decay,0.00884925020519195
mBERT (GloSeGAT),mBERT,GloSeGAT,dropout,0.10879485872574356
mBERT (GloSeGAT),mBERT,GloSeGAT,batch_size,8.0
mBERT (GloSeGAT),mBERT,GloSeGAT,warmup_ratio,0.040702354766084387
mBERT (GloSeGAT),mBERT,GloSeGAT,topk,7.0
mBERT (MarkCLS),mBERT,MarkCLS,lr_encoder,1.1530645080977555e-05
mBERT (MarkCLS),mBERT,MarkCLS,lr_head,7.851504189403355e-05
mBERT (MarkCLS),mBERT,MarkCLS,weight_decay,0.004522728891053806
mBERT (MarkCLS),mBERT,MarkCLS,dropout,0.1475990992289793
mBERT (MarkCLS),mBERT,MarkCLS,batch_size,8.0
mBERT (MarkCLS),mBERT,MarkCLS,warmup_ratio,0.12431062637278939
mBERT (TargetSim),mBERT,TargetSim,lr_encoder,1.2170293883738781e-05
mBERT (TargetSim),mBERT,TargetSim,lr_head,0.0001563676518390185
mBERT (TargetSim),mBERT,TargetSim,weight_decay,0.0034388521115218396
mBERT (TargetSim),mBERT,TargetSim,dropout,0.3227961206236346
mBERT (TargetSim),mBERT,TargetSim,batch_size,4.0
mBERT (TargetSim),mBERT,TargetSim,warmup_ratio,0.07801020317667162
mBERT (TargetPOS),mBERT,TargetPOS,lr_encoder,1.1103735608516824e-05
mBERT (TargetPOS),mBERT,TargetPOS,lr_head,0.00044448339535094644
mBERT (TargetPOS),mBERT,TargetPOS,weight_decay,0.09656320330745594
mBERT (TargetPOS),mBERT,TargetPOS,dropout,0.29251920443493834
mBERT (TargetPOS),mBERT,TargetPOS,batch_size,8.0
mBERT (TargetPOS),mBERT,TargetPOS,warmup_ratio,0.06602287406094019
