model,backbone,variant,seed,split,accuracy,precision,recall,f1,loss
mBERT (PairCLS),mBERT,PairCLS,1000,dev.en-en,0.814,0.8152610441767069,0.812,0.8136272545090181,0.814568032599276
mBERT (PairCLS),mBERT,PairCLS,1000,test.ar-ar,0.742,0.7700892857142857,0.69,0.7278481012658228,0.7333255459864935
mBERT (PairCLS),mBERT,PairCLS,1000,test.en-en,0.813,0.822680412371134,0.798,0.8101522842639594,0.7779355848001109
mBERT (PairCLS),mBERT,PairCLS,1000,test.fr-fr,0.779,0.8012958963282938,0.742,0.770508826583593,0.7450995892877617
mBERT (PairCLS),mBERT,PairCLS,1000,test.ru-ru,0.716,0.7559241706161137,0.638,0.6919739696312365,0.9169931134415997
mBERT (PairCLS),mBERT,PairCLS,1000,test.zh-zh,0.703,0.792507204610951,0.55,0.6493506493506493,0.8707597700376359
mBERT (PairCLS),mBERT,PairCLS,1000,test.en-ar,0.575,0.831858407079646,0.188,0.3066884176182708,1.5425534390267872
mBERT (PairCLS),mBERT,PairCLS,1000,test.en-fr,0.677,0.7940199335548173,0.478,0.5967540574282147,1.1549460378194611
mBERT (PairCLS),mBERT,PairCLS,1000,test.en-ru,0.641,0.7949790794979079,0.38,0.5142083897158322,1.3027018173819496
mBERT (PairCLS),mBERT,PairCLS,1000,test.en-zh,0.577,0.8235294117647058,0.196,0.3166397415185784,1.4261478734394861
mBERT (PairCLS),mBERT,PairCLS,1001,dev.en-en,0.817,0.7984934086629002,0.848,0.8225024248302619,0.4332274373561617
mBERT (PairCLS),mBERT,PairCLS,1001,test.ar-ar,0.742,0.7653508771929824,0.698,0.7301255230125523,0.5556011190490117
mBERT (PairCLS),mBERT,PairCLS,1001,test.en-en,0.807,0.7912713472485768,0.834,0.8120740019474196,0.42660934158733915
mBERT (PairCLS),mBERT,PairCLS,1001,test.fr-fr,0.776,0.7674418604651163,0.792,0.7795275590551181,0.5171059474112496
mBERT (PairCLS),mBERT,PairCLS,1001,test.ru-ru,0.708,0.7280701754385965,0.664,0.694560669456067,0.5800102338904426
mBERT (PairCLS),mBERT,PairCLS,1001,test.zh-zh,0.695,0.7945619335347432,0.526,0.6329723225030084,0.5797974599732293
mBERT (PairCLS),mBERT,PairCLS,1001,test.en-ar,0.547,0.9272727272727272,0.102,0.1837837837837838,0.6982355500970568
mBERT (PairCLS),mBERT,PairCLS,1001,test.en-fr,0.685,0.846441947565543,0.452,0.5893089960886571,0.585730913139525
mBERT (PairCLS),mBERT,PairCLS,1001,test.en-ru,0.615,0.8248587570621468,0.292,0.43131462333825704,0.6409664816326566
mBERT (PairCLS),mBERT,PairCLS,1001,test.en-zh,0.54,0.8703703703703703,0.094,0.16967509025270758,0.6872218180270422
mBERT (PairCLS),mBERT,PairCLS,1002,dev.en-en,0.829,0.8391752577319588,0.814,0.8263959390862944,0.7894363208999118
mBERT (PairCLS),mBERT,PairCLS,1002,test.ar-ar,0.749,0.7943262411347518,0.672,0.7280606717226435,0.7333336813109261
mBERT (PairCLS),mBERT,PairCLS,1002,test.en-en,0.817,0.8308977035490606,0.796,0.8130745658835546,0.7830041824906532
mBERT (PairCLS),mBERT,PairCLS,1002,test.fr-fr,0.766,0.796875,0.714,0.7531645569620253,0.7429161483333224
mBERT (PairCLS),mBERT,PairCLS,1002,test.ru-ru,0.706,0.7562189054726368,0.608,0.6740576496674058,0.9383545462337751
mBERT (PairCLS),mBERT,PairCLS,1002,test.zh-zh,0.713,0.8317757009345794,0.534,0.6504263093788063,0.8641714337799284
mBERT (PairCLS),mBERT,PairCLS,1002,test.en-ar,0.574,0.8936170212765957,0.168,0.2828282828282828,1.6881469931039546
mBERT (PairCLS),mBERT,PairCLS,1002,test.en-fr,0.684,0.8407407407407408,0.454,0.5896103896103896,1.2181221145013021
mBERT (PairCLS),mBERT,PairCLS,1002,test.en-ru,0.643,0.8325581395348837,0.358,0.5006993006993007,1.4075721107305041
mBERT (PairCLS),mBERT,PairCLS,1002,test.en-zh,0.579,0.8623853211009175,0.188,0.30870279146141216,1.5034025609493256
mBERT (PairCLS),mBERT,PairCLS,1003,dev.en-en,0.826,0.8286290322580645,0.822,0.8253012048192772,0.9224265902857518
mBERT (PairCLS),mBERT,PairCLS,1003,test.ar-ar,0.751,0.789838337182448,0.684,0.7331189710610932,0.8400417466958364
mBERT (PairCLS),mBERT,PairCLS,1003,test.en-en,0.828,0.8504273504273504,0.796,0.8223140495867769,0.9033797332307413
mBERT (PairCLS),mBERT,PairCLS,1003,test.fr-fr,0.761,0.8,0.696,0.7443850267379679,0.8785854702194532
mBERT (PairCLS),mBERT,PairCLS,1003,test.ru-ru,0.715,0.7667493796526055,0.618,0.6843853820598007,1.092276243936448
mBERT (PairCLS),mBERT,PairCLS,1003,test.zh-zh,0.7,0.8225806451612904,0.51,0.6296296296296297,1.0963047383323548
mBERT (PairCLS),mBERT,PairCLS,1003,test.en-ar,0.575,0.8640776699029126,0.178,0.29519071310116085,2.013495703538259
mBERT (PairCLS),mBERT,PairCLS,1003,test.en-fr,0.688,0.8154362416107382,0.486,0.6090225563909775,1.4727308977809217
mBERT (PairCLS),mBERT,PairCLS,1003,test.en-ru,0.639,0.7907949790794979,0.378,0.5115020297699594,1.6864076797362595
mBERT (PairCLS),mBERT,PairCLS,1003,test.en-zh,0.56,0.8658536585365854,0.142,0.24398625429553264,2.0298918651209936
mBERT (PairCLS),mBERT,PairCLS,1004,dev.en-en,0.816,0.8480176211453745,0.77,0.8071278825995807,0.4223615469204055
mBERT (PairCLS),mBERT,PairCLS,1004,test.ar-ar,0.732,0.8020833333333334,0.616,0.6968325791855203,0.5627662307686276
mBERT (PairCLS),mBERT,PairCLS,1004,test.en-en,0.821,0.8590604026845637,0.768,0.8109820485744457,0.4154588476059929
mBERT (PairCLS),mBERT,PairCLS,1004,test.fr-fr,0.762,0.8195121951219512,0.672,0.7384615384615385,0.5115955736902025
mBERT (PairCLS),mBERT,PairCLS,1004,test.ru-ru,0.693,0.796923076923077,0.518,0.6278787878787879,0.6161973660900479
mBERT (PairCLS),mBERT,PairCLS,1004,test.zh-zh,0.666,0.8458333333333333,0.406,0.5486486486486486,0.6039827149065714
mBERT (PairCLS),mBERT,PairCLS,1004,test.en-ar,0.528,0.9666666666666667,0.058,0.10943396226415095,0.8023757948761895
mBERT (PairCLS),mBERT,PairCLS,1004,test.en-fr,0.625,0.8415300546448088,0.308,0.45095168374816985,0.6698092730745436
mBERT (PairCLS),mBERT,PairCLS,1004,test.en-ru,0.593,0.8345323741007195,0.232,0.36306729264475746,0.721102661083615
mBERT (PairCLS),mBERT,PairCLS,1004,test.en-zh,0.546,0.896551724137931,0.104,0.1863799283154122,0.749917546435008
mBERT (PairCLS),mBERT,PairCLS,1005,dev.en-en,0.819,0.8235294117647058,0.812,0.8177240684793555,0.8808027451954014
mBERT (PairCLS),mBERT,PairCLS,1005,test.ar-ar,0.736,0.7706422018348624,0.672,0.717948717948718,0.8254536513298277
mBERT (PairCLS),mBERT,PairCLS,1005,test.en-en,0.809,0.8366013071895425,0.768,0.8008342022940563,0.8456782781341601
mBERT (PairCLS),mBERT,PairCLS,1005,test.fr-fr,0.769,0.8091954022988506,0.704,0.7529411764705882,0.8233654432530914
mBERT (PairCLS),mBERT,PairCLS,1005,test.ru-ru,0.716,0.7686567164179104,0.618,0.6851441241685144,1.032868994133813
mBERT (PairCLS),mBERT,PairCLS,1005,test.zh-zh,0.701,0.8130841121495327,0.522,0.6358099878197321,1.0039302898009146
mBERT (PairCLS),mBERT,PairCLS,1005,test.en-ar,0.543,0.9056603773584906,0.096,0.1735985533453888,2.0687008573422356
mBERT (PairCLS),mBERT,PairCLS,1005,test.en-fr,0.634,0.8284313725490197,0.338,0.48011363636363635,1.56801868064536
mBERT (PairCLS),mBERT,PairCLS,1005,test.en-ru,0.592,0.815068493150685,0.238,0.3684210526315789,1.8173976742795535
mBERT (PairCLS),mBERT,PairCLS,1005,test.en-zh,0.538,0.8518518518518519,0.092,0.16606498194945848,2.0161267850134106
mBERT (PairCLS),mBERT,PairCLS,1006,dev.en-en,0.818,0.8244897959183674,0.808,0.8161616161616162,0.9526597271333375
mBERT (PairCLS),mBERT,PairCLS,1006,test.ar-ar,0.743,0.7730337078651686,0.688,0.728042328042328,0.8612537710439592
mBERT (PairCLS),mBERT,PairCLS,1006,test.en-en,0.811,0.8193018480492813,0.798,0.8085106382978723,0.9781375762910419
mBERT (PairCLS),mBERT,PairCLS,1006,test.fr-fr,0.749,0.7929411764705883,0.674,0.7286486486486486,0.9084669274115373
mBERT (PairCLS),mBERT,PairCLS,1006,test.ru-ru,0.714,0.7688442211055276,0.612,0.6815144766146993,1.0698255600910338
mBERT (PairCLS),mBERT,PairCLS,1006,test.zh-zh,0.702,0.8322368421052632,0.506,0.6293532338308457,1.024156610052737
mBERT (PairCLS),mBERT,PairCLS,1006,test.en-ar,0.576,0.88,0.176,0.29333333333333333,1.9589980167765466
mBERT (PairCLS),mBERT,PairCLS,1006,test.en-fr,0.665,0.8313253012048193,0.414,0.5527369826435247,1.6062916775071432
mBERT (PairCLS),mBERT,PairCLS,1006,test.en-ru,0.624,0.8406593406593407,0.306,0.44868035190615835,1.787261528036897
mBERT (PairCLS),mBERT,PairCLS,1006,test.en-zh,0.563,0.8315789473684211,0.158,0.26554621848739496,1.9115602466322126
mBERT (PairCLS),mBERT,PairCLS,1007,dev.en-en,0.824,0.8306122448979592,0.814,0.8222222222222222,0.8601196151862424
mBERT (PairCLS),mBERT,PairCLS,1007,test.ar-ar,0.743,0.7845433255269321,0.67,0.7227615965480043,0.8149971008773834
mBERT (PairCLS),mBERT,PairCLS,1007,test.en-en,0.817,0.821501014198783,0.81,0.8157099697885196,0.8728173980064365
mBERT (PairCLS),mBERT,PairCLS,1007,test.fr-fr,0.77,0.8096330275229358,0.706,0.7542735042735043,0.8372103470185447
mBERT (PairCLS),mBERT,PairCLS,1007,test.ru-ru,0.701,0.7557251908396947,0.594,0.6651735722284434,1.083741131874304
mBERT (PairCLS),mBERT,PairCLS,1007,test.zh-zh,0.708,0.825,0.528,0.6439024390243903,0.9791041397977442
mBERT (PairCLS),mBERT,PairCLS,1007,test.en-ar,0.57,0.8645833333333334,0.166,0.2785234899328859,1.861979476516209
mBERT (PairCLS),mBERT,PairCLS,1007,test.en-fr,0.669,0.8141263940520446,0.438,0.5695708712613784,1.4117549208421556
mBERT (PairCLS),mBERT,PairCLS,1007,test.en-ru,0.638,0.8317307692307693,0.346,0.4887005649717514,1.6053418359231382
mBERT (PairCLS),mBERT,PairCLS,1007,test.en-zh,0.566,0.875,0.154,0.2619047619047619,1.8275975097739507
mBERT (PairCLS),mBERT,PairCLS,1008,dev.en-en,0.821,0.8527472527472527,0.776,0.812565445026178,0.9232071426748816
mBERT (PairCLS),mBERT,PairCLS,1008,test.ar-ar,0.731,0.7984496124031008,0.618,0.6967305524239008,0.8989987489249971
mBERT (PairCLS),mBERT,PairCLS,1008,test.en-en,0.809,0.8471910112359551,0.754,0.7978835978835979,0.9663478671905718
mBERT (PairCLS),mBERT,PairCLS,1008,test.fr-fr,0.739,0.8025316455696202,0.634,0.7083798882681565,0.9662355441777479
mBERT (PairCLS),mBERT,PairCLS,1008,test.ru-ru,0.688,0.7797619047619048,0.524,0.6267942583732058,1.2042703278481015
mBERT (PairCLS),mBERT,PairCLS,1008,test.zh-zh,0.685,0.8438661710037175,0.454,0.5903771131339401,1.1452244458690521
mBERT (PairCLS),mBERT,PairCLS,1008,test.en-ar,0.546,0.9423076923076923,0.098,0.17753623188405798,2.2329134969484237
mBERT (PairCLS),mBERT,PairCLS,1008,test.en-fr,0.633,0.8308457711442786,0.334,0.4764621968616263,1.748598251077864
mBERT (PairCLS),mBERT,PairCLS,1008,test.en-ru,0.595,0.841726618705036,0.234,0.36619718309859156,1.9246305828056638
mBERT (PairCLS),mBERT,PairCLS,1008,test.en-zh,0.537,0.8775510204081632,0.086,0.15664845173041894,2.1064670383930206
mBERT (PairCLS),mBERT,PairCLS,1009,dev.en-en,0.829,0.827037773359841,0.832,0.8295114656031904,0.7059136241792686
mBERT (PairCLS),mBERT,PairCLS,1009,test.ar-ar,0.731,0.7505422993492408,0.692,0.7200832466181062,0.6907482930119075
mBERT (PairCLS),mBERT,PairCLS,1009,test.en-en,0.821,0.8481561822125814,0.782,0.813735691987513,0.7013236875682773
mBERT (PairCLS),mBERT,PairCLS,1009,test.fr-fr,0.79,0.8098290598290598,0.758,0.7830578512396694,0.6170312991691014
mBERT (PairCLS),mBERT,PairCLS,1009,test.ru-ru,0.724,0.7616822429906542,0.652,0.7025862068965517,0.8451082583457704
mBERT (PairCLS),mBERT,PairCLS,1009,test.zh-zh,0.719,0.8137535816618912,0.568,0.6690223792697291,0.7877617593085955
mBERT (PairCLS),mBERT,PairCLS,1009,test.en-ar,0.571,0.9176470588235294,0.156,0.26666666666666666,1.4106641975896699
mBERT (PairCLS),mBERT,PairCLS,1009,test.en-fr,0.67,0.84,0.42,0.56,1.1270777267359553
mBERT (PairCLS),mBERT,PairCLS,1009,test.en-ru,0.639,0.8492462311557789,0.338,0.48354792560801146,1.258008675679328
mBERT (PairCLS),mBERT,PairCLS,1009,test.en-zh,0.575,0.8504672897196262,0.182,0.29983525535420097,1.3851722656261354
mBERT (PairCLS),mBERT,PairCLS,1010,dev.en-en,0.824,0.8403361344537815,0.8,0.819672131147541,0.6271259118285444
mBERT (PairCLS),mBERT,PairCLS,1010,test.ar-ar,0.737,0.7775175644028103,0.664,0.7162891046386192,0.6639125872225988
mBERT (PairCLS),mBERT,PairCLS,1010,test.en-en,0.813,0.8454746136865342,0.766,0.8037775445960126,0.6409660592704775
mBERT (PairCLS),mBERT,PairCLS,1010,test.fr-fr,0.761,0.8114558472553699,0.68,0.7399347116430903,0.6419239350491099
mBERT (PairCLS),mBERT,PairCLS,1010,test.ru-ru,0.715,0.7680798004987531,0.616,0.683684794672586,0.7947243456802671
mBERT (PairCLS),mBERT,PairCLS,1010,test.zh-zh,0.699,0.8241042345276873,0.506,0.6270136307311028,0.7827549547193542
mBERT (PairCLS),mBERT,PairCLS,1010,test.en-ar,0.53,0.96875,0.062,0.11654135338345864,1.6129608580044337
mBERT (PairCLS),mBERT,PairCLS,1010,test.en-fr,0.624,0.8444444444444444,0.304,0.4470588235294118,1.1851271665285503
mBERT (PairCLS),mBERT,PairCLS,1010,test.en-ru,0.587,0.848,0.212,0.3392,1.3621937582890193
mBERT (PairCLS),mBERT,PairCLS,1010,test.en-zh,0.533,0.9230769230769231,0.072,0.13358070500927643,1.4985707572528295
mBERT (PairCLS),mBERT,PairCLS,1011,dev.en-en,0.825,0.8309572301425662,0.816,0.8234106962663976,0.5656206673454671
mBERT (PairCLS),mBERT,PairCLS,1011,test.ar-ar,0.738,0.7989949748743719,0.636,0.7082405345211581,0.641493033322077
mBERT (PairCLS),mBERT,PairCLS,1011,test.en-en,0.808,0.8235294117647058,0.784,0.8032786885245902,0.5693610748128285
mBERT (PairCLS),mBERT,PairCLS,1011,test.fr-fr,0.757,0.8009367681498829,0.684,0.7378640776699029,0.6163650495665414
mBERT (PairCLS),mBERT,PairCLS,1011,test.ru-ru,0.703,0.7543859649122807,0.602,0.6696329254727474,0.7539019546811543
mBERT (PairCLS),mBERT,PairCLS,1011,test.zh-zh,0.696,0.8288590604026845,0.494,0.6190476190476191,0.7398059344480908
mBERT (PairCLS),mBERT,PairCLS,1011,test.en-ar,0.553,0.9344262295081968,0.114,0.20320855614973263,1.220503584023506
mBERT (PairCLS),mBERT,PairCLS,1011,test.en-fr,0.67,0.8373015873015873,0.422,0.5611702127659575,0.8939464387912599
mBERT (PairCLS),mBERT,PairCLS,1011,test.en-ru,0.613,0.8228571428571428,0.288,0.4266666666666667,1.0228024553211907
mBERT (PairCLS),mBERT,PairCLS,1011,test.en-zh,0.552,0.8823529411764706,0.12,0.2112676056338028,1.1592590061445085
mBERT (PairCLS),mBERT,PairCLS,1012,dev.en-en,0.82,0.8524229074889867,0.774,0.8113207547169812,0.4277385505182402
mBERT (PairCLS),mBERT,PairCLS,1012,test.ar-ar,0.735,0.7901234567901234,0.64,0.7071823204419889,0.5437648220667763
mBERT (PairCLS),mBERT,PairCLS,1012,test.en-en,0.807,0.8329718004338394,0.768,0.7991675338189386,0.4251885149214003
mBERT (PairCLS),mBERT,PairCLS,1012,test.fr-fr,0.772,0.8162790697674419,0.702,0.7548387096774194,0.5012252751796965
mBERT (PairCLS),mBERT,PairCLS,1012,test.ru-ru,0.716,0.78125,0.6,0.6787330316742082,0.6020062655683548
mBERT (PairCLS),mBERT,PairCLS,1012,test.zh-zh,0.702,0.8506944444444444,0.49,0.6218274111675127,0.586754043896993
mBERT (PairCLS),mBERT,PairCLS,1012,test.en-ar,0.534,0.925,0.074,0.13703703703703704,0.7719161136755868
mBERT (PairCLS),mBERT,PairCLS,1012,test.en-fr,0.628,0.8333333333333334,0.32,0.4624277456647399,0.6540059681449618
mBERT (PairCLS),mBERT,PairCLS,1012,test.en-ru,0.596,0.8636363636363636,0.228,0.36075949367088606,0.706398044786756
mBERT (PairCLS),mBERT,PairCLS,1012,test.en-zh,0.54,0.9347826086956522,0.086,0.1575091575091575,0.7467307325393434
mBERT (PairCLS),mBERT,PairCLS,1013,dev.en-en,0.817,0.8113948919449901,0.826,0.8186323092170465,0.4188405418443301
mBERT (PairCLS),mBERT,PairCLS,1013,test.ar-ar,0.736,0.7796208530805687,0.658,0.7136659436008677,0.5544306361486041
mBERT (PairCLS),mBERT,PairCLS,1013,test.en-en,0.803,0.8023952095808383,0.804,0.8031968031968032,0.41696382515014163
mBERT (PairCLS),mBERT,PairCLS,1013,test.fr-fr,0.767,0.7947019867549668,0.72,0.7555089192025184,0.5086584516933986
mBERT (PairCLS),mBERT,PairCLS,1013,test.ru-ru,0.706,0.7429245283018868,0.63,0.6818181818181818,0.6248563395606147
mBERT (PairCLS),mBERT,PairCLS,1013,test.zh-zh,0.696,0.831081081081081,0.492,0.6180904522613065,0.6096817912563445
mBERT (PairCLS),mBERT,PairCLS,1013,test.en-ar,0.55,0.9310344827586207,0.108,0.1935483870967742,0.8047842113744645
mBERT (PairCLS),mBERT,PairCLS,1013,test.en-fr,0.679,0.842911877394636,0.44,0.5781865965834428,0.6224108000123312
mBERT (PairCLS),mBERT,PairCLS,1013,test.en-ru,0.63,0.8282828282828283,0.328,0.4699140401146132,0.6980277212366225
mBERT (PairCLS),mBERT,PairCLS,1013,test.en-zh,0.549,0.9016393442622951,0.11,0.19607843137254902,0.7964369796571278
mBERT (PairCLS),mBERT,PairCLS,1014,dev.en-en,0.825,0.8479657387580299,0.792,0.8190279214064116,0.5607946619154915
mBERT (PairCLS),mBERT,PairCLS,1014,test.ar-ar,0.737,0.7925925925925926,0.642,0.7093922651933702,0.6296263987582827
mBERT (PairCLS),mBERT,PairCLS,1014,test.en-en,0.817,0.8498896247240618,0.77,0.8079748163693599,0.5498591745124449
mBERT (PairCLS),mBERT,PairCLS,1014,test.fr-fr,0.762,0.8004587155963303,0.698,0.7457264957264957,0.6048098149753752
mBERT (PairCLS),mBERT,PairCLS,1014,test.ru-ru,0.707,0.7593984962406015,0.606,0.6740823136818688,0.7662229419700683
mBERT (PairCLS),mBERT,PairCLS,1014,test.zh-zh,0.691,0.8215488215488216,0.488,0.6122961104140527,0.7676346395460386
mBERT (PairCLS),mBERT,PairCLS,1014,test.en-ar,0.554,0.921875,0.118,0.20921985815602837,1.258969195305355
mBERT (PairCLS),mBERT,PairCLS,1014,test.en-fr,0.654,0.8666666666666667,0.364,0.5126760563380282,0.971538425556251
mBERT (PairCLS),mBERT,PairCLS,1014,test.en-ru,0.616,0.8295454545454546,0.292,0.4319526627218935,1.0682535966237385
mBERT (PairCLS),mBERT,PairCLS,1014,test.en-zh,0.542,0.875,0.098,0.17625899280575538,1.2286487226448362
mBERT (GloSeGAT),mBERT,GloSeGAT,1000,dev.en-en,0.84,0.8281853281853282,0.858,0.8428290766208252,1.0407347189152694
mBERT (GloSeGAT),mBERT,GloSeGAT,1000,test.ar-ar,0.722,0.7522727272727273,0.662,0.7042553191489361,1.6586927364284638
mBERT (GloSeGAT),mBERT,GloSeGAT,1000,test.en-en,0.853,0.8361904761904762,0.878,0.8565853658536585,0.987855246218435
mBERT (GloSeGAT),mBERT,GloSeGAT,1000,test.fr-fr,0.785,0.7486910994764397,0.858,0.7996272134203168,1.5369678170287553
mBERT (GloSeGAT),mBERT,GloSeGAT,1000,test.ru-ru,0.754,0.7679324894514767,0.728,0.7474332648870636,1.3364397167880089
mBERT (GloSeGAT),mBERT,GloSeGAT,1000,test.zh-zh,0.785,0.7586206896551724,0.836,0.7954329210275928,1.5917232676696162
mBERT (GloSeGAT),mBERT,GloSeGAT,1000,test.en-ar,0.734,0.8823529411764706,0.54,0.6699751861042184,2.0802769694837044
mBERT (GloSeGAT),mBERT,GloSeGAT,1000,test.en-fr,0.827,0.8707482993197279,0.768,0.8161530286928799,1.0345266779109674
mBERT (GloSeGAT),mBERT,GloSeGAT,1000,test.en-ru,0.816,0.8798076923076923,0.732,0.7991266375545851,1.2177410629960141
mBERT (GloSeGAT),mBERT,GloSeGAT,1000,test.en-zh,0.854,0.9041095890410958,0.792,0.8443496801705757,0.9514621228593997
mBERT (GloSeGAT),mBERT,GloSeGAT,1001,dev.en-en,0.821,0.8057142857142857,0.846,0.8253658536585365,0.46501084654033187
mBERT (GloSeGAT),mBERT,GloSeGAT,1001,test.ar-ar,0.719,0.7859007832898173,0.602,0.681766704416761,0.6919421806037426
mBERT (GloSeGAT),mBERT,GloSeGAT,1001,test.en-en,0.835,0.8119180633147114,0.872,0.840887174541948,0.41294490605965256
mBERT (GloSeGAT),mBERT,GloSeGAT,1001,test.fr-fr,0.778,0.7473309608540926,0.84,0.7909604519774012,0.6012311884015799
mBERT (GloSeGAT),mBERT,GloSeGAT,1001,test.ru-ru,0.748,0.7831050228310502,0.686,0.7313432835820896,0.5611856817603111
mBERT (GloSeGAT),mBERT,GloSeGAT,1001,test.zh-zh,0.76,0.7380952380952381,0.806,0.7705544933078394,0.6400357474163174
mBERT (GloSeGAT),mBERT,GloSeGAT,1001,test.en-ar,0.681,0.8131487889273357,0.47,0.5956907477820025,0.8438607514202595
mBERT (GloSeGAT),mBERT,GloSeGAT,1001,test.en-fr,0.791,0.8391608391608392,0.72,0.77502691065662,0.5326265393197537
mBERT (GloSeGAT),mBERT,GloSeGAT,1001,test.en-ru,0.779,0.8410757946210269,0.688,0.7568756875687569,0.5443500197678804
mBERT (GloSeGAT),mBERT,GloSeGAT,1001,test.en-zh,0.807,0.8628841607565012,0.73,0.7908992416034669,0.46333729265630247
mBERT (GloSeGAT),mBERT,GloSeGAT,1002,dev.en-en,0.833,0.8032786885245902,0.882,0.8408007626310772,1.3187576187610344
mBERT (GloSeGAT),mBERT,GloSeGAT,1002,test.ar-ar,0.747,0.7589098532494759,0.724,0.7410440122824974,1.817911254329607
mBERT (GloSeGAT),mBERT,GloSeGAT,1002,test.en-en,0.852,0.8176895306859205,0.906,0.8595825426944972,1.2038055395286567
mBERT (GloSeGAT),mBERT,GloSeGAT,1002,test.fr-fr,0.787,0.7371900826446282,0.892,0.8072398190045249,1.6498148410878697
mBERT (GloSeGAT),mBERT,GloSeGAT,1002,test.ru-ru,0.776,0.7664092664092664,0.794,0.7799607072691552,1.421750762424781
mBERT (GloSeGAT),mBERT,GloSeGAT,1002,test.zh-zh,0.786,0.7474048442906575,0.864,0.8014842300556586,1.8475562158675267
mBERT (GloSeGAT),mBERT,GloSeGAT,1002,test.en-ar,0.748,0.8690476190476191,0.584,0.6985645933014354,1.8160454468264962
mBERT (GloSeGAT),mBERT,GloSeGAT,1002,test.en-fr,0.835,0.8397565922920892,0.828,0.8338368580060423,1.1190987558390086
mBERT (GloSeGAT),mBERT,GloSeGAT,1002,test.en-ru,0.813,0.8424507658643327,0.77,0.8045977011494253,1.2989037581762568
mBERT (GloSeGAT),mBERT,GloSeGAT,1002,test.en-zh,0.858,0.8824786324786325,0.826,0.8533057851239669,0.9803090086980554
mBERT (GloSeGAT),mBERT,GloSeGAT,1003,dev.en-en,0.826,0.8134615384615385,0.846,0.8294117647058824,0.4204130252897739
mBERT (GloSeGAT),mBERT,GloSeGAT,1003,test.ar-ar,0.699,0.7121535181236673,0.668,0.6893704850361198,0.6160071269869805
mBERT (GloSeGAT),mBERT,GloSeGAT,1003,test.en-en,0.833,0.8043875685557587,0.88,0.8404966571155683,0.3973816418647766
mBERT (GloSeGAT),mBERT,GloSeGAT,1003,test.fr-fr,0.77,0.7311643835616438,0.854,0.7878228782287823,0.5140340455174446
mBERT (GloSeGAT),mBERT,GloSeGAT,1003,test.ru-ru,0.755,0.7575757575757576,0.75,0.7537688442211056,0.5260060077309608
mBERT (GloSeGAT),mBERT,GloSeGAT,1003,test.zh-zh,0.794,0.7560975609756098,0.868,0.8081936685288641,0.4716899030208588
mBERT (GloSeGAT),mBERT,GloSeGAT,1003,test.en-ar,0.708,0.825,0.528,0.6439024390243903,0.6027197996973992
mBERT (GloSeGAT),mBERT,GloSeGAT,1003,test.en-fr,0.815,0.8274428274428275,0.796,0.8114169215086646,0.4290849364995956
mBERT (GloSeGAT),mBERT,GloSeGAT,1003,test.en-ru,0.808,0.8362445414847162,0.766,0.7995824634655533,0.43213026151061057
mBERT (GloSeGAT),mBERT,GloSeGAT,1003,test.en-zh,0.827,0.8609271523178808,0.78,0.8184679958027282,0.40576607248187063
mBERT (GloSeGAT),mBERT,GloSeGAT,1004,dev.en-en,0.829,0.8029465930018416,0.872,0.8360498561840843,1.1810035304906414
mBERT (GloSeGAT),mBERT,GloSeGAT,1004,test.ar-ar,0.735,0.7605321507760532,0.686,0.7213459516298633,1.71085848450684
mBERT (GloSeGAT),mBERT,GloSeGAT,1004,test.en-en,0.85,0.8158844765342961,0.904,0.857685009487666,1.0247694062087345
mBERT (GloSeGAT),mBERT,GloSeGAT,1004,test.fr-fr,0.768,0.719672131147541,0.878,0.790990990990991,1.6514242950763873
mBERT (GloSeGAT),mBERT,GloSeGAT,1004,test.ru-ru,0.767,0.7834394904458599,0.738,0.7600411946446962,1.3811204310010654
mBERT (GloSeGAT),mBERT,GloSeGAT,1004,test.zh-zh,0.768,0.7334494773519163,0.842,0.7839851024208566,1.6114493099769502
mBERT (GloSeGAT),mBERT,GloSeGAT,1004,test.en-ar,0.737,0.8601823708206687,0.566,0.6827503015681544,1.8049790829094128
mBERT (GloSeGAT),mBERT,GloSeGAT,1004,test.en-fr,0.837,0.8474226804123711,0.822,0.8345177664974619,1.0001129671604263
mBERT (GloSeGAT),mBERT,GloSeGAT,1004,test.en-ru,0.827,0.8531317494600432,0.79,0.8203530633437176,1.046199438462296
mBERT (GloSeGAT),mBERT,GloSeGAT,1004,test.en-zh,0.857,0.8838709677419355,0.822,0.8518134715025907,0.8173334759785139
mBERT (GloSeGAT),mBERT,GloSeGAT,1005,dev.en-en,0.834,0.8047445255474452,0.882,0.8416030534351145,1.3144128771766668
mBERT (GloSeGAT),mBERT,GloSeGAT,1005,test.ar-ar,0.727,0.7695961995249406,0.648,0.7035830618892508,1.7426731959059834
mBERT (GloSeGAT),mBERT,GloSeGAT,1005,test.en-en,0.852,0.8235294117647058,0.896,0.8582375478927203,1.1195867267102362
mBERT (GloSeGAT),mBERT,GloSeGAT,1005,test.fr-fr,0.789,0.7428571428571429,0.884,0.8073059360730593,1.68451755144941
mBERT (GloSeGAT),mBERT,GloSeGAT,1005,test.ru-ru,0.763,0.7840172786177105,0.726,0.7538940809968847,1.3617246360699646
mBERT (GloSeGAT),mBERT,GloSeGAT,1005,test.zh-zh,0.794,0.7615658362989324,0.856,0.8060263653483992,1.7257871790422163
mBERT (GloSeGAT),mBERT,GloSeGAT,1005,test.en-ar,0.715,0.8745644599303136,0.502,0.6378653113087674,2.1669848246442998
mBERT (GloSeGAT),mBERT,GloSeGAT,1005,test.en-fr,0.84,0.8483606557377049,0.828,0.8380566801619433,1.057667324440532
mBERT (GloSeGAT),mBERT,GloSeGAT,1005,test.en-ru,0.826,0.8704545454545455,0.766,0.8148936170212766,1.2616536669064427
mBERT (GloSeGAT),mBERT,GloSeGAT,1005,test.en-zh,0.847,0.88470066518847,0.798,0.8391167192429022,0.9176381832417989
mBERT (GloSeGAT),mBERT,GloSeGAT,1006,dev.en-en,0.84,0.8113553113553114,0.886,0.847036328871893,1.2031474423988113
mBERT (GloSeGAT),mBERT,GloSeGAT,1006,test.ar-ar,0.721,0.7376344086021506,0.686,0.7108808290155441,1.789763435945264
mBERT (GloSeGAT),mBERT,GloSeGAT,1006,test.en-en,0.855,0.8209764918625678,0.908,0.862298195631529,1.152785054597293
mBERT (GloSeGAT),mBERT,GloSeGAT,1006,test.fr-fr,0.767,0.7170731707317073,0.882,0.7910313901345292,1.8283920543322596
mBERT (GloSeGAT),mBERT,GloSeGAT,1006,test.ru-ru,0.782,0.782,0.782,0.782,1.2883411420964404
mBERT (GloSeGAT),mBERT,GloSeGAT,1006,test.zh-zh,0.78,0.7380952380952381,0.868,0.7977941176470589,1.7818804927358851
mBERT (GloSeGAT),mBERT,GloSeGAT,1006,test.en-ar,0.733,0.8629283489096573,0.554,0.6747868453105969,2.031949787128862
mBERT (GloSeGAT),mBERT,GloSeGAT,1006,test.en-fr,0.827,0.8276553106212425,0.826,0.8268268268268268,1.178532507834094
mBERT (GloSeGAT),mBERT,GloSeGAT,1006,test.en-ru,0.816,0.8495575221238938,0.768,0.8067226890756303,1.3106087371307111
mBERT (GloSeGAT),mBERT,GloSeGAT,1006,test.en-zh,0.854,0.86875,0.834,0.8510204081632653,0.9536777735840524
mBERT (GloSeGAT),mBERT,GloSeGAT,1007,dev.en-en,0.84,0.83203125,0.852,0.841897233201581,1.1705059473520643
mBERT (GloSeGAT),mBERT,GloSeGAT,1007,test.ar-ar,0.728,0.7602739726027398,0.666,0.7100213219616205,1.7535412286836654
mBERT (GloSeGAT),mBERT,GloSeGAT,1007,test.en-en,0.856,0.8384030418250951,0.882,0.8596491228070176,1.048472408716228
mBERT (GloSeGAT),mBERT,GloSeGAT,1007,test.fr-fr,0.774,0.7337883959044369,0.86,0.7918968692449355,1.6799550040874027
mBERT (GloSeGAT),mBERT,GloSeGAT,1007,test.ru-ru,0.773,0.7861635220125787,0.75,0.7676560900716479,1.303343320476357
mBERT (GloSeGAT),mBERT,GloSeGAT,1007,test.zh-zh,0.799,0.7693693693693694,0.854,0.809478672985782,1.6117260680679173
mBERT (GloSeGAT),mBERT,GloSeGAT,1007,test.en-ar,0.722,0.8908450704225352,0.506,0.6454081632653061,2.3010962468994767
mBERT (GloSeGAT),mBERT,GloSeGAT,1007,test.en-fr,0.825,0.8587196467991169,0.778,0.8163693599160545,1.2304858780688532
mBERT (GloSeGAT),mBERT,GloSeGAT,1007,test.en-ru,0.819,0.8700696055684455,0.75,0.8055853920515574,1.3565200498564227
mBERT (GloSeGAT),mBERT,GloSeGAT,1007,test.en-zh,0.853,0.9038901601830663,0.79,0.8431163287086446,0.9750080618111446
mBERT (GloSeGAT),mBERT,GloSeGAT,1008,dev.en-en,0.845,0.8236397748592871,0.878,0.8499515972894482,1.1940208612185244
mBERT (GloSeGAT),mBERT,GloSeGAT,1008,test.ar-ar,0.732,0.7521739130434782,0.692,0.7208333333333333,1.7257593238623812
mBERT (GloSeGAT),mBERT,GloSeGAT,1008,test.en-en,0.851,0.8256029684601113,0.89,0.8565928777670837,1.1767366411007447
mBERT (GloSeGAT),mBERT,GloSeGAT,1008,test.fr-fr,0.783,0.7402376910016978,0.872,0.800734618916437,1.5923209813438024
mBERT (GloSeGAT),mBERT,GloSeGAT,1008,test.ru-ru,0.766,0.7829787234042553,0.736,0.7587628865979381,1.4521113038734765
mBERT (GloSeGAT),mBERT,GloSeGAT,1008,test.zh-zh,0.779,0.7477797513321492,0.842,0.7920978363123237,1.6972861318427641
mBERT (GloSeGAT),mBERT,GloSeGAT,1008,test.en-ar,0.724,0.8589743589743589,0.536,0.6600985221674877,2.0833761605202943
mBERT (GloSeGAT),mBERT,GloSeGAT,1008,test.en-fr,0.825,0.8378378378378378,0.806,0.8216106014271152,1.22521713057679
mBERT (GloSeGAT),mBERT,GloSeGAT,1008,test.en-ru,0.819,0.8505494505494505,0.774,0.8104712041884817,1.3189502930481685
mBERT (GloSeGAT),mBERT,GloSeGAT,1008,test.en-zh,0.846,0.871244635193133,0.812,0.8405797101449275,0.9743082511623823
mBERT (GloSeGAT),mBERT,GloSeGAT,1009,dev.en-en,0.834,0.8139097744360902,0.866,0.8391472868217055,1.224589570700382
mBERT (GloSeGAT),mBERT,GloSeGAT,1009,test.ar-ar,0.723,0.7397849462365591,0.688,0.7129533678756477,1.6903146928711794
mBERT (GloSeGAT),mBERT,GloSeGAT,1009,test.en-en,0.847,0.818348623853211,0.892,0.8535885167464115,1.1173121138991053
mBERT (GloSeGAT),mBERT,GloSeGAT,1009,test.fr-fr,0.781,0.7299509001636661,0.892,0.8028802880288028,1.6112854499103597
mBERT (GloSeGAT),mBERT,GloSeGAT,1009,test.ru-ru,0.759,0.7595190380761523,0.758,0.7587587587587588,1.4080155141573631
mBERT (GloSeGAT),mBERT,GloSeGAT,1009,test.zh-zh,0.788,0.7482758620689656,0.868,0.8037037037037037,1.6604987233955917
mBERT (GloSeGAT),mBERT,GloSeGAT,1009,test.en-ar,0.745,0.8510028653295129,0.594,0.6996466431095406,1.7490124419945778
mBERT (GloSeGAT),mBERT,GloSeGAT,1009,test.en-fr,0.831,0.8384458077709611,0.82,0.8291203235591507,1.06282184369698
mBERT (GloSeGAT),mBERT,GloSeGAT,1009,test.en-ru,0.816,0.8405172413793104,0.78,0.8091286307053942,1.268976794583532
mBERT (GloSeGAT),mBERT,GloSeGAT,1009,test.en-zh,0.853,0.870020964360587,0.83,0.849539406345957,0.9326042006116332
mBERT (GloSeGAT),mBERT,GloSeGAT,1010,dev.en-en,0.849,0.8568507157464212,0.838,0.8473205257836198,1.0777450805601747
mBERT (GloSeGAT),mBERT,GloSeGAT,1010,test.ar-ar,0.74,0.7654867256637168,0.692,0.726890756302521,1.6416876338380388
mBERT (GloSeGAT),mBERT,GloSeGAT,1010,test.en-en,0.86,0.8529411764705882,0.87,0.8613861386138614,0.98214281712319
mBERT (GloSeGAT),mBERT,GloSeGAT,1010,test.fr-fr,0.796,0.7710622710622711,0.842,0.8049713193116634,1.4584129107221597
mBERT (GloSeGAT),mBERT,GloSeGAT,1010,test.ru-ru,0.76,0.7850877192982456,0.716,0.7489539748953975,1.4505813348242083
mBERT (GloSeGAT),mBERT,GloSeGAT,1010,test.zh-zh,0.795,0.7696526508226691,0.842,0.8042024832855779,1.554375796295164
mBERT (GloSeGAT),mBERT,GloSeGAT,1010,test.en-ar,0.713,0.865979381443299,0.504,0.6371681415929203,2.1020873422115547
mBERT (GloSeGAT),mBERT,GloSeGAT,1010,test.en-fr,0.828,0.8644444444444445,0.778,0.8189473684210526,1.097126936279099
mBERT (GloSeGAT),mBERT,GloSeGAT,1010,test.en-ru,0.801,0.8810126582278481,0.696,0.7776536312849162,1.32311923417441
mBERT (GloSeGAT),mBERT,GloSeGAT,1010,test.en-zh,0.85,0.9107981220657277,0.776,0.838012958963283,0.9016228534075171
mBERT (GloSeGAT),mBERT,GloSeGAT,1011,dev.en-en,0.845,0.8709677419354839,0.81,0.8393782383419689,0.8311291452794685
mBERT (GloSeGAT),mBERT,GloSeGAT,1011,test.ar-ar,0.729,0.789873417721519,0.624,0.6972067039106146,1.366434691964183
mBERT (GloSeGAT),mBERT,GloSeGAT,1011,test.en-en,0.849,0.8736616702355461,0.816,0.843846949327818,0.785994637402182
mBERT (GloSeGAT),mBERT,GloSeGAT,1011,test.fr-fr,0.789,0.7773512476007678,0.81,0.7933398628795298,0.9989642091815185
mBERT (GloSeGAT),mBERT,GloSeGAT,1011,test.ru-ru,0.761,0.7843137254901961,0.72,0.7507820646506778,1.0390418575927616
mBERT (GloSeGAT),mBERT,GloSeGAT,1011,test.zh-zh,0.803,0.7907869481765835,0.824,0.8070519098922625,1.008101309536316
mBERT (GloSeGAT),mBERT,GloSeGAT,1011,test.en-ar,0.64,0.8804347826086957,0.324,0.47368421052631576,2.4758936534866227
mBERT (GloSeGAT),mBERT,GloSeGAT,1011,test.en-fr,0.792,0.9147727272727273,0.644,0.755868544600939,1.129706132596475
mBERT (GloSeGAT),mBERT,GloSeGAT,1011,test.en-ru,0.789,0.939209726443769,0.618,0.7454764776839565,1.2653411644601147
mBERT (GloSeGAT),mBERT,GloSeGAT,1011,test.en-zh,0.796,0.9277456647398844,0.642,0.7588652482269503,1.103927419519401
mBERT (GloSeGAT),mBERT,GloSeGAT,1012,dev.en-en,0.837,0.7961335676625659,0.906,0.8475210477081384,0.9192933060857976
mBERT (GloSeGAT),mBERT,GloSeGAT,1012,test.ar-ar,0.736,0.7521367521367521,0.704,0.7272727272727273,1.256422163109295
mBERT (GloSeGAT),mBERT,GloSeGAT,1012,test.en-en,0.846,0.8056537102473498,0.912,0.8555347091932458,0.8702326192886576
mBERT (GloSeGAT),mBERT,GloSeGAT,1012,test.fr-fr,0.771,0.7161084529505582,0.898,0.7968056787932565,1.3638480205854866
mBERT (GloSeGAT),mBERT,GloSeGAT,1012,test.ru-ru,0.761,0.7782515991471215,0.73,0.7533539731682146,0.9996450849957764
mBERT (GloSeGAT),mBERT,GloSeGAT,1012,test.zh-zh,0.779,0.729064039408867,0.888,0.8007213706041478,1.2628508759059842
mBERT (GloSeGAT),mBERT,GloSeGAT,1012,test.en-ar,0.748,0.8827160493827161,0.572,0.6941747572815534,1.2248330310136517
mBERT (GloSeGAT),mBERT,GloSeGAT,1012,test.en-fr,0.831,0.8384458077709611,0.82,0.8291203235591507,0.7411370806569539
mBERT (GloSeGAT),mBERT,GloSeGAT,1012,test.en-ru,0.814,0.8488888888888889,0.764,0.8042105263157895,0.8937758344565518
mBERT (GloSeGAT),mBERT,GloSeGAT,1012,test.en-zh,0.875,0.8964059196617337,0.848,0.8715313463514902,0.6327154831553781
mBERT (GloSeGAT),mBERT,GloSeGAT,1013,dev.en-en,0.833,0.7989228007181328,0.89,0.8420056764427626,1.18490660054778
mBERT (GloSeGAT),mBERT,GloSeGAT,1013,test.ar-ar,0.736,0.7565217391304347,0.696,0.725,1.551554310077685
mBERT (GloSeGAT),mBERT,GloSeGAT,1013,test.en-en,0.848,0.8163636363636364,0.898,0.8552380952380952,1.0630193141990727
mBERT (GloSeGAT),mBERT,GloSeGAT,1013,test.fr-fr,0.794,0.7441860465116279,0.896,0.8130671506352087,1.5246342711440974
mBERT (GloSeGAT),mBERT,GloSeGAT,1013,test.ru-ru,0.76,0.7801724137931034,0.724,0.7510373443983402,1.2837438282547518
mBERT (GloSeGAT),mBERT,GloSeGAT,1013,test.zh-zh,0.787,0.7530864197530864,0.854,0.8003748828491096,1.5498107582775382
mBERT (GloSeGAT),mBERT,GloSeGAT,1013,test.en-ar,0.741,0.8413597733711048,0.594,0.6963657678780774,1.6504531027908815
mBERT (GloSeGAT),mBERT,GloSeGAT,1013,test.en-fr,0.84,0.8333333333333334,0.85,0.8415841584158416,0.9721703484972859
mBERT (GloSeGAT),mBERT,GloSeGAT,1013,test.en-ru,0.815,0.8401727861771058,0.778,0.8078920041536864,1.178226436864912
mBERT (GloSeGAT),mBERT,GloSeGAT,1013,test.en-zh,0.84,0.8571428571428571,0.816,0.8360655737704918,0.8676960538442541
mBERT (GloSeGAT),mBERT,GloSeGAT,1014,dev.en-en,0.833,0.8066298342541437,0.876,0.8398849472674976,1.1518332061581942
mBERT (GloSeGAT),mBERT,GloSeGAT,1014,test.ar-ar,0.721,0.7505668934240363,0.662,0.7035069075451648,1.7758215598627576
mBERT (GloSeGAT),mBERT,GloSeGAT,1014,test.en-en,0.846,0.8156934306569343,0.894,0.8530534351145038,1.1121861493679979
mBERT (GloSeGAT),mBERT,GloSeGAT,1014,test.fr-fr,0.795,0.7530017152658662,0.878,0.8107109879963066,1.498835928923385
mBERT (GloSeGAT),mBERT,GloSeGAT,1014,test.ru-ru,0.775,0.7823408624229979,0.762,0.7720364741641338,1.3349577952508116
mBERT (GloSeGAT),mBERT,GloSeGAT,1014,test.zh-zh,0.782,0.7491166077738516,0.848,0.7954971857410882,1.6029242178351377
mBERT (GloSeGAT),mBERT,GloSeGAT,1014,test.en-ar,0.728,0.8725490196078431,0.534,0.6625310173697271,2.0025020055225524
mBERT (GloSeGAT),mBERT,GloSeGAT,1014,test.en-fr,0.827,0.8456659619450317,0.8,0.8221993833504625,1.0555775611941194
mBERT (GloSeGAT),mBERT,GloSeGAT,1014,test.en-ru,0.813,0.8532731376975169,0.756,0.8016967126193001,1.222415452469365
mBERT (GloSeGAT),mBERT,GloSeGAT,1014,test.en-zh,0.853,0.8913525498891353,0.804,0.8454258675078864,0.9144940278653416
mBERT (MarkCLS),mBERT,MarkCLS,1000,dev.en-en,0.842,0.8504098360655737,0.83,0.840080971659919,0.8496413387320936
mBERT (MarkCLS),mBERT,MarkCLS,1000,test.ar-ar,0.763,0.7678207739307535,0.754,0.7608476286579213,0.8738737414628267
mBERT (MarkCLS),mBERT,MarkCLS,1000,test.en-en,0.85,0.8528225806451613,0.846,0.8493975903614458,0.7937796221617609
mBERT (MarkCLS),mBERT,MarkCLS,1000,test.fr-fr,0.792,0.792,0.792,0.792,0.8699784656055272
mBERT (MarkCLS),mBERT,MarkCLS,1000,test.ru-ru,0.741,0.7591397849462366,0.706,0.7316062176165803,1.1019812705814838
mBERT (MarkCLS),mBERT,MarkCLS,1000,test.zh-zh,0.753,0.821882951653944,0.646,0.723404255319149,0.9624497241377831
mBERT (MarkCLS),mBERT,MarkCLS,1000,test.en-ar,0.58,0.8846153846153846,0.184,0.304635761589404,2.197661209691316
mBERT (MarkCLS),mBERT,MarkCLS,1000,test.en-fr,0.713,0.8901098901098901,0.486,0.628719275549806,1.4625983496680857
mBERT (MarkCLS),mBERT,MarkCLS,1000,test.en-ru,0.669,0.8789237668161435,0.392,0.5421853388658368,1.6919706088174133
mBERT (MarkCLS),mBERT,MarkCLS,1000,test.en-zh,0.605,0.9007633587786259,0.236,0.37400950871632327,1.9966077367067336
mBERT (MarkCLS),mBERT,MarkCLS,1001,dev.en-en,0.853,0.8508946322067594,0.856,0.8534396809571286,0.8486284704827703
mBERT (MarkCLS),mBERT,MarkCLS,1001,test.ar-ar,0.75,0.7349624060150376,0.782,0.7577519379844961,1.2583220106782391
mBERT (MarkCLS),mBERT,MarkCLS,1001,test.en-en,0.848,0.8466135458167331,0.85,0.8483033932135728,0.8694553475677967
mBERT (MarkCLS),mBERT,MarkCLS,1001,test.fr-fr,0.794,0.794,0.794,0.794,1.0901712285205722
mBERT (MarkCLS),mBERT,MarkCLS,1001,test.ru-ru,0.746,0.746,0.746,0.746,1.357536510330625
mBERT (MarkCLS),mBERT,MarkCLS,1001,test.zh-zh,0.77,0.7836134453781513,0.746,0.764344262295082,1.1606284336233512
mBERT (MarkCLS),mBERT,MarkCLS,1001,test.en-ar,0.629,0.8909090909090909,0.294,0.4421052631578947,2.1363637387435883
mBERT (MarkCLS),mBERT,MarkCLS,1001,test.en-fr,0.713,0.8844765342960289,0.49,0.6306306306306306,1.6096283815754577
mBERT (MarkCLS),mBERT,MarkCLS,1001,test.en-ru,0.673,0.8810572687224669,0.4,0.5502063273727648,1.899446386194788
mBERT (MarkCLS),mBERT,MarkCLS,1001,test.en-zh,0.672,0.8909090909090909,0.392,0.5444444444444444,1.8473739577680826
mBERT (MarkCLS),mBERT,MarkCLS,1002,dev.en-en,0.855,0.8970917225950783,0.802,0.8468848996832101,0.6265117197372019
mBERT (MarkCLS),mBERT,MarkCLS,1002,test.ar-ar,0.753,0.7804878048780488,0.704,0.7402733964248159,0.76603859770298
mBERT (MarkCLS),mBERT,MarkCLS,1002,test.en-en,0.826,0.8340163934426229,0.814,0.8238866396761133,0.7083480321280659
mBERT (MarkCLS),mBERT,MarkCLS,1002,test.fr-fr,0.792,0.8230088495575221,0.744,0.7815126050420168,0.7314237802773714
mBERT (MarkCLS),mBERT,MarkCLS,1002,test.ru-ru,0.738,0.7680180180180181,0.682,0.722457627118644,0.9289103937894105
mBERT (MarkCLS),mBERT,MarkCLS,1002,test.zh-zh,0.748,0.806930693069307,0.652,0.7212389380530974,0.7926286564767361
mBERT (MarkCLS),mBERT,MarkCLS,1002,test.en-ar,0.612,0.9307692307692308,0.242,0.38412698412698415,1.6698170091956854
mBERT (MarkCLS),mBERT,MarkCLS,1002,test.en-fr,0.718,0.8892857142857142,0.498,0.6384615384615384,1.1637887457311153
mBERT (MarkCLS),mBERT,MarkCLS,1002,test.en-ru,0.688,0.8821138211382114,0.434,0.5817694369973191,1.3049294392466546
mBERT (MarkCLS),mBERT,MarkCLS,1002,test.en-zh,0.638,0.9207317073170732,0.302,0.45481927710843373,1.4783691548109055
mBERT (MarkCLS),mBERT,MarkCLS,1003,dev.en-en,0.845,0.8662420382165605,0.816,0.8403707518022657,0.740587584912777
mBERT (MarkCLS),mBERT,MarkCLS,1003,test.ar-ar,0.753,0.7935034802784223,0.684,0.7346938775510204,0.8557444721460342
mBERT (MarkCLS),mBERT,MarkCLS,1003,test.en-en,0.836,0.8442622950819673,0.824,0.8340080971659919,0.7400339241139591
mBERT (MarkCLS),mBERT,MarkCLS,1003,test.fr-fr,0.778,0.8144796380090498,0.72,0.7643312101910829,0.8349520537406206
mBERT (MarkCLS),mBERT,MarkCLS,1003,test.ru-ru,0.723,0.7611241217798594,0.65,0.7011866235167206,1.0249670034050942
mBERT (MarkCLS),mBERT,MarkCLS,1003,test.zh-zh,0.729,0.8207282913165266,0.586,0.6837806301050176,0.9626852802634239
mBERT (MarkCLS),mBERT,MarkCLS,1003,test.en-ar,0.594,0.9272727272727272,0.204,0.3344262295081967,1.8956718357279896
mBERT (MarkCLS),mBERT,MarkCLS,1003,test.en-fr,0.694,0.8514492753623188,0.47,0.6056701030927835,1.356943551916629
mBERT (MarkCLS),mBERT,MarkCLS,1003,test.en-ru,0.665,0.851063829787234,0.4,0.54421768707483,1.4937990563474595
mBERT (MarkCLS),mBERT,MarkCLS,1003,test.en-zh,0.623,0.9019607843137255,0.276,0.4226646248085758,1.68772325527668
mBERT (MarkCLS),mBERT,MarkCLS,1004,dev.en-en,0.838,0.8448979591836735,0.828,0.8363636363636363,0.4033533053994179
mBERT (MarkCLS),mBERT,MarkCLS,1004,test.ar-ar,0.738,0.7989949748743719,0.636,0.7082405345211581,0.5561675814390182
mBERT (MarkCLS),mBERT,MarkCLS,1004,test.en-en,0.816,0.8110236220472441,0.824,0.8174603174603174,0.41018191200494764
mBERT (MarkCLS),mBERT,MarkCLS,1004,test.fr-fr,0.784,0.7983193277310925,0.76,0.7786885245901639,0.49563577806949616
mBERT (MarkCLS),mBERT,MarkCLS,1004,test.ru-ru,0.724,0.7828282828282829,0.62,0.6919642857142857,0.5853422654867172
mBERT (MarkCLS),mBERT,MarkCLS,1004,test.zh-zh,0.676,0.8142857142857143,0.456,0.5846153846153846,0.5911051832437515
mBERT (MarkCLS),mBERT,MarkCLS,1004,test.en-ar,0.556,0.9666666666666667,0.116,0.20714285714285716,0.7766856371164322
mBERT (MarkCLS),mBERT,MarkCLS,1004,test.en-fr,0.676,0.8283582089552238,0.444,0.578125,0.5971396319270134
mBERT (MarkCLS),mBERT,MarkCLS,1004,test.en-ru,0.639,0.8638743455497382,0.33,0.47756874095513746,0.6662333528995514
mBERT (MarkCLS),mBERT,MarkCLS,1004,test.en-zh,0.567,0.8850574712643678,0.154,0.262350936967632,0.7293323049545288
mBERT (MarkCLS),mBERT,MarkCLS,1005,dev.en-en,0.845,0.844311377245509,0.846,0.8451548451548452,0.7848473152145743
mBERT (MarkCLS),mBERT,MarkCLS,1005,test.ar-ar,0.73,0.722007722007722,0.748,0.7347740667976425,0.8756612004041672
mBERT (MarkCLS),mBERT,MarkCLS,1005,test.en-en,0.843,0.8423153692614771,0.844,0.8431568431568431,0.7467401598934085
mBERT (MarkCLS),mBERT,MarkCLS,1005,test.fr-fr,0.795,0.7920792079207921,0.8,0.7960199004975125,0.802225434564054
mBERT (MarkCLS),mBERT,MarkCLS,1005,test.ru-ru,0.727,0.7311608961303462,0.718,0.7245206861755802,1.0448132269904018
mBERT (MarkCLS),mBERT,MarkCLS,1005,test.zh-zh,0.745,0.7765237020316027,0.688,0.7295864262990456,0.9057047350853682
mBERT (MarkCLS),mBERT,MarkCLS,1005,test.en-ar,0.602,0.8863636363636364,0.234,0.370253164556962,1.9555652828663588
mBERT (MarkCLS),mBERT,MarkCLS,1005,test.en-fr,0.691,0.8576779026217228,0.458,0.5971316818774446,1.4681827744580804
mBERT (MarkCLS),mBERT,MarkCLS,1005,test.en-ru,0.66,0.8636363636363636,0.38,0.5277777777777778,1.6554734432250262
mBERT (MarkCLS),mBERT,MarkCLS,1005,test.en-zh,0.614,0.8851351351351351,0.262,0.404320987654321,1.830450046725571
mBERT (MarkCLS),mBERT,MarkCLS,1006,dev.en-en,0.842,0.8533057851239669,0.826,0.8394308943089431,0.40725448516011237
mBERT (MarkCLS),mBERT,MarkCLS,1006,test.ar-ar,0.752,0.7413793103448276,0.774,0.7573385518590998,0.5147272953391075
mBERT (MarkCLS),mBERT,MarkCLS,1006,test.en-en,0.831,0.8164435946462715,0.854,0.8347996089931574,0.38639481261372566
mBERT (MarkCLS),mBERT,MarkCLS,1006,test.fr-fr,0.797,0.7894736842105263,0.81,0.7996051332675223,0.4777952715158463
mBERT (MarkCLS),mBERT,MarkCLS,1006,test.ru-ru,0.733,0.7412008281573499,0.716,0.728382502543235,0.5731968415379525
mBERT (MarkCLS),mBERT,MarkCLS,1006,test.zh-zh,0.746,0.7795454545454545,0.686,0.7297872340425532,0.5517345829606056
mBERT (MarkCLS),mBERT,MarkCLS,1006,test.en-ar,0.577,0.9230769230769231,0.168,0.28426395939086296,0.8534244298934937
mBERT (MarkCLS),mBERT,MarkCLS,1006,test.en-fr,0.716,0.8576158940397351,0.518,0.6458852867830424,0.5948922775387764
mBERT (MarkCLS),mBERT,MarkCLS,1006,test.en-ru,0.67,0.8935185185185185,0.386,0.5391061452513967,0.6957841395139694
mBERT (MarkCLS),mBERT,MarkCLS,1006,test.en-zh,0.596,0.9210526315789473,0.21,0.34201954397394135,0.7942397509217263
mBERT (MarkCLS),mBERT,MarkCLS,1007,dev.en-en,0.833,0.8490566037735849,0.81,0.8290685772773797,0.8496695748586207
mBERT (MarkCLS),mBERT,MarkCLS,1007,test.ar-ar,0.747,0.7633262260127932,0.716,0.7389060887512899,0.8462179252952338
mBERT (MarkCLS),mBERT,MarkCLS,1007,test.en-en,0.834,0.8187022900763359,0.858,0.837890625,0.8057305705137551
mBERT (MarkCLS),mBERT,MarkCLS,1007,test.fr-fr,0.79,0.7983539094650206,0.776,0.7870182555780934,0.78823774369061
mBERT (MarkCLS),mBERT,MarkCLS,1007,test.ru-ru,0.741,0.7636761487964989,0.698,0.7293625914315569,1.0192879869490863
mBERT (MarkCLS),mBERT,MarkCLS,1007,test.zh-zh,0.74,0.8157894736842105,0.62,0.7045454545454546,0.882573041729629
mBERT (MarkCLS),mBERT,MarkCLS,1007,test.en-ar,0.602,0.925,0.222,0.3580645161290323,1.9337005696631968
mBERT (MarkCLS),mBERT,MarkCLS,1007,test.en-fr,0.723,0.899641577060932,0.502,0.6444159178433889,1.2925071250516922
mBERT (MarkCLS),mBERT,MarkCLS,1007,test.en-ru,0.677,0.8864628820960698,0.406,0.5569272976680384,1.5366773550212383
mBERT (MarkCLS),mBERT,MarkCLS,1007,test.en-zh,0.634,0.9036144578313253,0.3,0.45045045045045046,1.6961755675785244
mBERT (MarkCLS),mBERT,MarkCLS,1008,dev.en-en,0.843,0.859538784067086,0.82,0.8393039918116684,0.7914070402625948
mBERT (MarkCLS),mBERT,MarkCLS,1008,test.ar-ar,0.755,0.7661795407098121,0.734,0.7497446373850868,0.8116953073292971
mBERT (MarkCLS),mBERT,MarkCLS,1008,test.en-en,0.854,0.8641975308641975,0.84,0.8519269776876268,0.7047784852236509
mBERT (MarkCLS),mBERT,MarkCLS,1008,test.fr-fr,0.785,0.8051391862955032,0.752,0.7776628748707343,0.82225880677253
mBERT (MarkCLS),mBERT,MarkCLS,1008,test.ru-ru,0.727,0.7440860215053764,0.692,0.7170984455958549,1.0404912061169744
mBERT (MarkCLS),mBERT,MarkCLS,1008,test.zh-zh,0.752,0.8088235294117647,0.66,0.7268722466960352,0.8982150608897209
mBERT (MarkCLS),mBERT,MarkCLS,1008,test.en-ar,0.608,0.9153846153846154,0.238,0.37777777777777777,1.9423971834778786
mBERT (MarkCLS),mBERT,MarkCLS,1008,test.en-fr,0.707,0.8996138996138996,0.466,0.613965744400527,1.428864533394575
mBERT (MarkCLS),mBERT,MarkCLS,1008,test.en-ru,0.67,0.8761061946902655,0.396,0.5454545454545454,1.5890986423306168
mBERT (MarkCLS),mBERT,MarkCLS,1008,test.en-zh,0.616,0.8972602739726028,0.262,0.4055727554179567,1.861354755051434
mBERT (MarkCLS),mBERT,MarkCLS,1009,dev.en-en,0.84,0.8556485355648535,0.818,0.83640081799591,0.8568268377315253
mBERT (MarkCLS),mBERT,MarkCLS,1009,test.ar-ar,0.752,0.7727272727272727,0.714,0.7422037422037422,0.9126823875159025
mBERT (MarkCLS),mBERT,MarkCLS,1009,test.en-en,0.849,0.8483033932135728,0.85,0.8491508491508492,0.7843938036356122
mBERT (MarkCLS),mBERT,MarkCLS,1009,test.fr-fr,0.803,0.8272138228941684,0.766,0.7954309449636553,0.8335307232122868
mBERT (MarkCLS),mBERT,MarkCLS,1009,test.ru-ru,0.737,0.7581699346405228,0.696,0.7257559958289885,1.0694394796006381
mBERT (MarkCLS),mBERT,MarkCLS,1009,test.zh-zh,0.748,0.81,0.648,0.72,0.9716471260935068
mBERT (MarkCLS),mBERT,MarkCLS,1009,test.en-ar,0.6,0.9166666666666666,0.22,0.3548387096774194,2.1514743868857624
mBERT (MarkCLS),mBERT,MarkCLS,1009,test.en-fr,0.727,0.8927335640138409,0.516,0.6539923954372624,1.4137968336232007
mBERT (MarkCLS),mBERT,MarkCLS,1009,test.en-ru,0.676,0.9,0.396,0.55,1.6972727209161966
mBERT (MarkCLS),mBERT,MarkCLS,1009,test.en-zh,0.602,0.8984375,0.23,0.3662420382165605,2.0605583392083644
mBERT (MarkCLS),mBERT,MarkCLS,1010,dev.en-en,0.837,0.8703296703296703,0.792,0.8293193717277487,0.6861524862721562
mBERT (MarkCLS),mBERT,MarkCLS,1010,test.ar-ar,0.759,0.8047058823529412,0.684,0.7394594594594595,0.7438552288115025
mBERT (MarkCLS),mBERT,MarkCLS,1010,test.en-en,0.827,0.8471337579617835,0.798,0.8218331616889805,0.6765220190137625
mBERT (MarkCLS),mBERT,MarkCLS,1010,test.fr-fr,0.8,0.8232758620689655,0.764,0.7925311203319502,0.7037641074806452
mBERT (MarkCLS),mBERT,MarkCLS,1010,test.ru-ru,0.722,0.7605633802816901,0.648,0.6997840172786177,0.9138405567258596
mBERT (MarkCLS),mBERT,MarkCLS,1010,test.zh-zh,0.745,0.8266666666666667,0.62,0.7085714285714285,0.8215764795020223
mBERT (MarkCLS),mBERT,MarkCLS,1010,test.en-ar,0.555,0.9230769230769231,0.12,0.21238938053097345,1.9069702076986432
mBERT (MarkCLS),mBERT,MarkCLS,1010,test.en-fr,0.66,0.8571428571428571,0.384,0.5303867403314917,1.374489008769393
mBERT (MarkCLS),mBERT,MarkCLS,1010,test.en-ru,0.642,0.927710843373494,0.308,0.4624624624624625,1.5396512417048216
mBERT (MarkCLS),mBERT,MarkCLS,1010,test.en-zh,0.568,0.9146341463414634,0.15,0.25773195876288657,1.7549914572536944
mBERT (MarkCLS),mBERT,MarkCLS,1011,dev.en-en,0.845,0.8498985801217038,0.838,0.8439073514602216,0.8266589368991554
mBERT (MarkCLS),mBERT,MarkCLS,1011,test.ar-ar,0.748,0.7551440329218106,0.734,0.744421906693712,0.873934534907341
mBERT (MarkCLS),mBERT,MarkCLS,1011,test.en-en,0.844,0.8495934959349594,0.836,0.842741935483871,0.8011783771011979
mBERT (MarkCLS),mBERT,MarkCLS,1011,test.fr-fr,0.791,0.7963340122199593,0.782,0.7891019172552977,0.8720382773205638
mBERT (MarkCLS),mBERT,MarkCLS,1011,test.ru-ru,0.731,0.7505422993492408,0.692,0.7200832466181062,1.1126563779972494
mBERT (MarkCLS),mBERT,MarkCLS,1011,test.zh-zh,0.764,0.8027522935779816,0.7,0.7478632478632479,0.8742954025715589
mBERT (MarkCLS),mBERT,MarkCLS,1011,test.en-ar,0.603,0.912,0.228,0.3648,1.9748652430921794
mBERT (MarkCLS),mBERT,MarkCLS,1011,test.en-fr,0.703,0.8745387453874539,0.474,0.6147859922178989,1.4706453553289176
mBERT (MarkCLS),mBERT,MarkCLS,1011,test.en-ru,0.673,0.8878923766816144,0.396,0.5477178423236515,1.6536292039975524
mBERT (MarkCLS),mBERT,MarkCLS,1011,test.en-zh,0.604,0.9,0.234,0.37142857142857144,1.948646892376244
mBERT (MarkCLS),mBERT,MarkCLS,1012,dev.en-en,0.833,0.8297029702970297,0.838,0.8338308457711443,0.44396293702721595
mBERT (MarkCLS),mBERT,MarkCLS,1012,test.ar-ar,0.762,0.7609561752988048,0.764,0.7624750499001997,0.496467426598072
mBERT (MarkCLS),mBERT,MarkCLS,1012,test.en-en,0.834,0.8199233716475096,0.856,0.837573385518591,0.4049779739677906
mBERT (MarkCLS),mBERT,MarkCLS,1012,test.fr-fr,0.789,0.7752380952380953,0.814,0.7941463414634147,0.48057357102632525
mBERT (MarkCLS),mBERT,MarkCLS,1012,test.ru-ru,0.737,0.7473903966597077,0.716,0.7313585291113381,0.5734021469950676
mBERT (MarkCLS),mBERT,MarkCLS,1012,test.zh-zh,0.748,0.7897196261682243,0.676,0.728448275862069,0.5216188367605209
mBERT (MarkCLS),mBERT,MarkCLS,1012,test.en-ar,0.587,0.9223300970873787,0.19,0.3150912106135987,0.8813706842660904
mBERT (MarkCLS),mBERT,MarkCLS,1012,test.en-fr,0.72,0.8767123287671232,0.512,0.6464646464646465,0.5975490145683289
mBERT (MarkCLS),mBERT,MarkCLS,1012,test.en-ru,0.669,0.8626609442060086,0.402,0.548431105047749,0.7067085599899292
mBERT (MarkCLS),mBERT,MarkCLS,1012,test.en-zh,0.592,0.9107142857142857,0.204,0.3333333333333333,0.8294702010154724
mBERT (MarkCLS),mBERT,MarkCLS,1013,dev.en-en,0.844,0.8495934959349594,0.836,0.842741935483871,0.8486438566800207
mBERT (MarkCLS),mBERT,MarkCLS,1013,test.ar-ar,0.76,0.7863436123348018,0.714,0.7484276729559748,0.9135403449311853
mBERT (MarkCLS),mBERT,MarkCLS,1013,test.en-en,0.839,0.8369781312127237,0.842,0.839481555333998,0.8302252368908376
mBERT (MarkCLS),mBERT,MarkCLS,1013,test.fr-fr,0.788,0.7987551867219918,0.77,0.7841140529531568,0.9259602384753525
mBERT (MarkCLS),mBERT,MarkCLS,1013,test.ru-ru,0.731,0.7607223476297968,0.674,0.7147401908801697,1.1429728002995252
mBERT (MarkCLS),mBERT,MarkCLS,1013,test.zh-zh,0.74,0.8092783505154639,0.628,0.7072072072072072,1.0314559681415558
mBERT (MarkCLS),mBERT,MarkCLS,1013,test.en-ar,0.596,0.8934426229508197,0.218,0.3504823151125402,2.091567042633891
mBERT (MarkCLS),mBERT,MarkCLS,1013,test.en-fr,0.739,0.8793650793650793,0.554,0.6797546012269938,1.3236977489702404
mBERT (MarkCLS),mBERT,MarkCLS,1013,test.en-ru,0.675,0.8755364806866953,0.408,0.5566166439290586,1.6672823375668377
mBERT (MarkCLS),mBERT,MarkCLS,1013,test.en-zh,0.623,0.912751677852349,0.272,0.41910631741140214,1.9138861501589417
mBERT (MarkCLS),mBERT,MarkCLS,1014,dev.en-en,0.83,0.8260869565217391,0.836,0.831013916500994,0.46327125729620455
mBERT (MarkCLS),mBERT,MarkCLS,1014,test.ar-ar,0.743,0.7165775401069518,0.804,0.7577756833176249,0.5137103016376495
mBERT (MarkCLS),mBERT,MarkCLS,1014,test.en-en,0.835,0.8084714548802947,0.878,0.8418024928092043,0.41944653533399107
mBERT (MarkCLS),mBERT,MarkCLS,1014,test.fr-fr,0.786,0.7619047619047619,0.832,0.7954110898661568,0.48215984845161436
mBERT (MarkCLS),mBERT,MarkCLS,1014,test.ru-ru,0.726,0.7132075471698113,0.756,0.7339805825242719,0.603480536699295
mBERT (MarkCLS),mBERT,MarkCLS,1014,test.zh-zh,0.747,0.7556935817805382,0.73,0.7426246185147508,0.5431893123090267
mBERT (MarkCLS),mBERT,MarkCLS,1014,test.en-ar,0.627,0.8324607329842932,0.318,0.4602026049204052,0.7663765110969544
mBERT (MarkCLS),mBERT,MarkCLS,1014,test.en-fr,0.755,0.8571428571428571,0.612,0.7141190198366394,0.5752116661667824
mBERT (MarkCLS),mBERT,MarkCLS,1014,test.en-ru,0.704,0.8377483443708609,0.506,0.6309226932668329,0.6649119679927826
mBERT (MarkCLS),mBERT,MarkCLS,1014,test.en-zh,0.669,0.8894009216589862,0.386,0.5383542538354253,0.6932593156099319
mBERT (TargetSim),mBERT,TargetSim,1000,dev.en-en,0.849,0.8261682242990654,0.884,0.8541062801932368,1.1500274504259644
mBERT (TargetSim),mBERT,TargetSim,1000,test.ar-ar,0.708,0.6947565543071161,0.742,0.7176015473887815,2.110359214682773
mBERT (TargetSim),mBERT,TargetSim,1000,test.en-en,0.855,0.8256880733944955,0.9,0.861244019138756,0.9857577425232936
mBERT (TargetSim),mBERT,TargetSim,1000,test.fr-fr,0.797,0.7564766839378239,0.876,0.8118628359592215,1.434351967177141
mBERT (TargetSim),mBERT,TargetSim,1000,test.ru-ru,0.758,0.7216494845360825,0.84,0.7763401109057301,1.867944386414496
mBERT (TargetSim),mBERT,TargetSim,1000,test.zh-zh,0.809,0.7587939698492462,0.906,0.8258887876025525,1.6417910537346307
mBERT (TargetSim),mBERT,TargetSim,1000,test.en-ar,0.644,0.8870967741935484,0.33,0.48104956268221577,3.2026661672721297
mBERT (TargetSim),mBERT,TargetSim,1000,test.en-fr,0.791,0.8859416445623343,0.668,0.7616875712656784,1.3260269305244927
mBERT (TargetSim),mBERT,TargetSim,1000,test.en-ru,0.778,0.8904494382022472,0.634,0.7406542056074766,1.543246491449811
mBERT (TargetSim),mBERT,TargetSim,1000,test.en-zh,0.81,0.9144385026737968,0.684,0.782608695652174,1.3260176354167246
mBERT (TargetSim),mBERT,TargetSim,1001,dev.en-en,0.836,0.8206106870229007,0.86,0.83984375,1.2498854363509024
mBERT (TargetSim),mBERT,TargetSim,1001,test.ar-ar,0.703,0.705050505050505,0.698,0.7015075376884422,2.252576078770219
mBERT (TargetSim),mBERT,TargetSim,1001,test.en-en,0.848,0.83984375,0.86,0.849802371541502,1.1244234823658277
mBERT (TargetSim),mBERT,TargetSim,1001,test.fr-fr,0.804,0.7676056338028169,0.872,0.8164794007490637,1.4058137990599398
mBERT (TargetSim),mBERT,TargetSim,1001,test.ru-ru,0.774,0.7446428571428572,0.834,0.7867924528301887,1.8461833897998003
mBERT (TargetSim),mBERT,TargetSim,1001,test.zh-zh,0.81,0.7838827838827839,0.856,0.8183556405353728,1.530239115176136
mBERT (TargetSim),mBERT,TargetSim,1001,test.en-ar,0.622,0.9236111111111112,0.266,0.41304347826086957,3.9021774596427674
mBERT (TargetSim),mBERT,TargetSim,1001,test.en-fr,0.798,0.9093406593406593,0.662,0.7662037037037037,1.531158416251828
mBERT (TargetSim),mBERT,TargetSim,1001,test.en-ru,0.789,0.9070422535211268,0.644,0.7532163742690059,1.6598764813064146
mBERT (TargetSim),mBERT,TargetSim,1001,test.en-zh,0.792,0.9451219512195121,0.62,0.748792270531401,1.4733664993431783
mBERT (TargetSim),mBERT,TargetSim,1002,dev.en-en,0.836,0.8054545454545454,0.886,0.8438095238095238,1.5154918346150603
mBERT (TargetSim),mBERT,TargetSim,1002,test.ar-ar,0.715,0.7095516569200779,0.728,0.7186574531095755,2.6308197623595184
mBERT (TargetSim),mBERT,TargetSim,1002,test.en-en,0.86,0.8225806451612904,0.918,0.8676748582230623,1.3860148957902223
mBERT (TargetSim),mBERT,TargetSim,1002,test.fr-fr,0.799,0.7538200339558574,0.888,0.8154269972451791,1.8635000147852578
mBERT (TargetSim),mBERT,TargetSim,1002,test.ru-ru,0.775,0.7399650959860384,0.848,0.7903075489282386,2.3898842774140134
mBERT (TargetSim),mBERT,TargetSim,1002,test.zh-zh,0.805,0.7563025210084033,0.9,0.821917808219178,2.153251417603471
mBERT (TargetSim),mBERT,TargetSim,1002,test.en-ar,0.687,0.9047619047619048,0.418,0.5718194254445964,3.560582397437967
mBERT (TargetSim),mBERT,TargetSim,1002,test.en-fr,0.826,0.8826291079812206,0.752,0.8120950323974082,1.5804312385667854
mBERT (TargetSim),mBERT,TargetSim,1002,test.en-ru,0.815,0.890818858560794,0.718,0.7951273532668881,1.666069058961804
mBERT (TargetSim),mBERT,TargetSim,1002,test.en-zh,0.839,0.9335038363171355,0.73,0.819304152637486,1.4180811043037247
mBERT (TargetSim),mBERT,TargetSim,1003,dev.en-en,0.846,0.8502024291497976,0.84,0.8450704225352113,0.8105096560891215
mBERT (TargetSim),mBERT,TargetSim,1003,test.ar-ar,0.713,0.7251585623678647,0.686,0.7050359712230215,1.4807062745601434
mBERT (TargetSim),mBERT,TargetSim,1003,test.en-en,0.858,0.8537549407114624,0.864,0.8588469184890656,0.639752157877831
mBERT (TargetSim),mBERT,TargetSim,1003,test.fr-fr,0.807,0.7923809523809524,0.832,0.8117073170731708,0.8756700282228849
mBERT (TargetSim),mBERT,TargetSim,1003,test.ru-ru,0.761,0.7412199630314233,0.802,0.7704130643611912,1.201009029048514
mBERT (TargetSim),mBERT,TargetSim,1003,test.zh-zh,0.809,0.7877094972067039,0.846,0.8158148505303761,1.0073276770882762
mBERT (TargetSim),mBERT,TargetSim,1003,test.en-ar,0.625,0.8980891719745223,0.282,0.4292237442922374,2.6135431044951547
mBERT (TargetSim),mBERT,TargetSim,1003,test.en-fr,0.779,0.9020172910662824,0.626,0.7390791027154664,1.1309324953591022
mBERT (TargetSim),mBERT,TargetSim,1003,test.en-ru,0.767,0.9211356466876972,0.584,0.7148102815177478,1.2330390454917652
mBERT (TargetSim),mBERT,TargetSim,1003,test.en-zh,0.788,0.9528301886792453,0.606,0.7408312958435208,1.1023475835034768
mBERT (TargetSim),mBERT,TargetSim,1004,dev.en-en,0.846,0.8326923076923077,0.866,0.8490196078431372,1.3704919240639826
mBERT (TargetSim),mBERT,TargetSim,1004,test.ar-ar,0.736,0.742798353909465,0.722,0.7322515212981744,2.524635525105342
mBERT (TargetSim),mBERT,TargetSim,1004,test.en-en,0.848,0.8307984790874525,0.874,0.8518518518518519,1.2945426024694757
mBERT (TargetSim),mBERT,TargetSim,1004,test.fr-fr,0.811,0.7853211009174312,0.856,0.8191387559808613,1.6798623730116857
mBERT (TargetSim),mBERT,TargetSim,1004,test.ru-ru,0.772,0.7419928825622776,0.834,0.7853107344632768,2.279524727840047
mBERT (TargetSim),mBERT,TargetSim,1004,test.zh-zh,0.803,0.7821229050279329,0.84,0.8100289296046287,1.8968690030638373
mBERT (TargetSim),mBERT,TargetSim,1004,test.en-ar,0.666,0.8516949152542372,0.402,0.5461956521739131,3.5189106644460226
mBERT (TargetSim),mBERT,TargetSim,1004,test.en-fr,0.812,0.8696682464454977,0.734,0.7960954446854663,1.6613148721146427
mBERT (TargetSim),mBERT,TargetSim,1004,test.en-ru,0.794,0.8909574468085106,0.67,0.7648401826484018,1.8521990411303415
mBERT (TargetSim),mBERT,TargetSim,1004,test.en-zh,0.819,0.9186351706036745,0.7,0.7945516458569807,1.6579181794414513
mBERT (TargetSim),mBERT,TargetSim,1005,dev.en-en,0.834,0.8092592592592592,0.874,0.8403846153846154,1.83278685807806
mBERT (TargetSim),mBERT,TargetSim,1005,test.ar-ar,0.714,0.708984375,0.726,0.717391304347826,3.006771811420559
mBERT (TargetSim),mBERT,TargetSim,1005,test.en-en,0.845,0.8142076502732241,0.894,0.8522402287893232,1.5073090949305614
mBERT (TargetSim),mBERT,TargetSim,1005,test.fr-fr,0.806,0.7684210526315789,0.876,0.8186915887850468,1.8920915883336813
mBERT (TargetSim),mBERT,TargetSim,1005,test.ru-ru,0.774,0.7455197132616488,0.832,0.7863894139886578,2.6460687800436387
mBERT (TargetSim),mBERT,TargetSim,1005,test.zh-zh,0.801,0.7635726795096323,0.872,0.8141923436041083,2.2391971628015925
mBERT (TargetSim),mBERT,TargetSim,1005,test.en-ar,0.662,0.905,0.362,0.5171428571428571,4.4658892842916025
mBERT (TargetSim),mBERT,TargetSim,1005,test.en-fr,0.813,0.8982188295165394,0.706,0.7905935050391937,1.8900825684034042
mBERT (TargetSim),mBERT,TargetSim,1005,test.en-ru,0.794,0.9248554913294798,0.64,0.7565011820330969,2.1846083306570665
mBERT (TargetSim),mBERT,TargetSim,1005,test.en-zh,0.82,0.9395604395604396,0.684,0.7916666666666666,1.896068532256945
mBERT (TargetSim),mBERT,TargetSim,1006,dev.en-en,0.833,0.8350100603621731,0.83,0.8324974924774323,0.39114522718498484
mBERT (TargetSim),mBERT,TargetSim,1006,test.ar-ar,0.723,0.7539863325740319,0.662,0.7050053248136315,0.758988776255399
mBERT (TargetSim),mBERT,TargetSim,1006,test.en-en,0.858,0.8565737051792829,0.86,0.8582834331337326,0.37181610814994204
mBERT (TargetSim),mBERT,TargetSim,1006,test.fr-fr,0.815,0.8,0.84,0.8195121951219512,0.4738665465954691
mBERT (TargetSim),mBERT,TargetSim,1006,test.ru-ru,0.757,0.7575150300601202,0.756,0.7567567567567568,0.6254341408517212
mBERT (TargetSim),mBERT,TargetSim,1006,test.zh-zh,0.8,0.7840909090909091,0.828,0.8054474708171206,0.5061556231519208
mBERT (TargetSim),mBERT,TargetSim,1006,test.en-ar,0.588,0.9313725490196079,0.19,0.31561461794019935,1.3023915871605276
mBERT (TargetSim),mBERT,TargetSim,1006,test.en-fr,0.732,0.9202898550724637,0.508,0.654639175257732,0.670543252646923
mBERT (TargetSim),mBERT,TargetSim,1006,test.en-ru,0.711,0.9271255060728745,0.458,0.6131191432396251,0.7619126568734645
mBERT (TargetSim),mBERT,TargetSim,1006,test.en-zh,0.734,0.9642857142857143,0.486,0.6462765957446809,0.7149864179342985
mBERT (TargetSim),mBERT,TargetSim,1007,dev.en-en,0.832,0.8516949152542372,0.804,0.8271604938271605,0.9272371851033591
mBERT (TargetSim),mBERT,TargetSim,1007,test.ar-ar,0.714,0.7547619047619047,0.634,0.6891304347826087,1.4837368430884872
mBERT (TargetSim),mBERT,TargetSim,1007,test.en-en,0.856,0.856,0.856,0.856,0.7375062233693197
mBERT (TargetSim),mBERT,TargetSim,1007,test.fr-fr,0.817,0.8365180467091295,0.788,0.811534500514933,0.8896762986444848
mBERT (TargetSim),mBERT,TargetSim,1007,test.ru-ru,0.778,0.7932489451476793,0.752,0.7720739219712526,1.2296094783422487
mBERT (TargetSim),mBERT,TargetSim,1007,test.zh-zh,0.803,0.806060606060606,0.798,0.8020100502512563,1.0903983049531472
mBERT (TargetSim),mBERT,TargetSim,1007,test.en-ar,0.65,0.907608695652174,0.334,0.48830409356725146,2.3278071365774378
mBERT (TargetSim),mBERT,TargetSim,1007,test.en-fr,0.791,0.907563025210084,0.648,0.7561260210035006,1.0880481803446236
mBERT (TargetSim),mBERT,TargetSim,1007,test.en-ru,0.758,0.8957055214723927,0.584,0.7070217917675545,1.270814512445788
mBERT (TargetSim),mBERT,TargetSim,1007,test.en-zh,0.793,0.9246376811594202,0.638,0.7550295857988165,1.0559132139606664
mBERT (TargetSim),mBERT,TargetSim,1008,dev.en-en,0.842,0.8518518518518519,0.828,0.8397565922920892,0.8670244768364719
mBERT (TargetSim),mBERT,TargetSim,1008,test.ar-ar,0.722,0.7293388429752066,0.706,0.717479674796748,1.5429208284606284
mBERT (TargetSim),mBERT,TargetSim,1008,test.en-en,0.868,0.8833333333333333,0.848,0.8653061224489796,0.6853958152403173
mBERT (TargetSim),mBERT,TargetSim,1008,test.fr-fr,0.807,0.7957610789980732,0.826,0.8105986261040236,1.0470832051529744
mBERT (TargetSim),mBERT,TargetSim,1008,test.ru-ru,0.766,0.7557692307692307,0.786,0.7705882352941177,1.337239540923175
mBERT (TargetSim),mBERT,TargetSim,1008,test.zh-zh,0.79,0.7854330708661418,0.798,0.7916666666666666,1.158898037985858
mBERT (TargetSim),mBERT,TargetSim,1008,test.en-ar,0.611,0.9172932330827067,0.244,0.3854660347551343,2.8946972663651103
mBERT (TargetSim),mBERT,TargetSim,1008,test.en-fr,0.768,0.9267515923566879,0.582,0.714987714987715,1.2813635757009396
mBERT (TargetSim),mBERT,TargetSim,1008,test.en-ru,0.753,0.9347079037800687,0.544,0.6877370417193426,1.461726732239622
mBERT (TargetSim),mBERT,TargetSim,1008,test.en-zh,0.765,0.9584775086505191,0.554,0.7021546261089987,1.3124350264617168
mBERT (TargetSim),mBERT,TargetSim,1009,dev.en-en,0.829,0.8007312614259597,0.876,0.836676217765043,1.836365458112314
mBERT (TargetSim),mBERT,TargetSim,1009,test.ar-ar,0.752,0.7258064516129032,0.81,0.7655954631379962,2.5778530520092846
mBERT (TargetSim),mBERT,TargetSim,1009,test.en-en,0.832,0.7974910394265233,0.89,0.8412098298676749,1.6957212799222128
mBERT (TargetSim),mBERT,TargetSim,1009,test.fr-fr,0.788,0.7474226804123711,0.87,0.8040665434380776,2.045300380413947
mBERT (TargetSim),mBERT,TargetSim,1009,test.ru-ru,0.764,0.72,0.864,0.7854545454545454,2.7621048005660604
mBERT (TargetSim),mBERT,TargetSim,1009,test.zh-zh,0.781,0.7426597582037997,0.86,0.7970342910101946,2.376339622819773
mBERT (TargetSim),mBERT,TargetSim,1009,test.en-ar,0.721,0.8553054662379421,0.532,0.655980271270037,2.8296632188650372
mBERT (TargetSim),mBERT,TargetSim,1009,test.en-fr,0.829,0.8583877995642701,0.788,0.821689259645464,1.5489730507905617
mBERT (TargetSim),mBERT,TargetSim,1009,test.en-ru,0.796,0.8557692307692307,0.712,0.777292576419214,1.8339002415907968
mBERT (TargetSim),mBERT,TargetSim,1009,test.en-zh,0.843,0.9035294117647059,0.768,0.8302702702702702,1.3359607825657769
mBERT (TargetSim),mBERT,TargetSim,1010,dev.en-en,0.831,0.8059149722735675,0.872,0.8376560999039385,1.8563935399848082
mBERT (TargetSim),mBERT,TargetSim,1010,test.ar-ar,0.764,0.7391304347826086,0.816,0.7756653992395437,2.380892856848929
mBERT (TargetSim),mBERT,TargetSim,1010,test.en-en,0.839,0.8043087971274686,0.896,0.847682119205298,1.6637484173131396
mBERT (TargetSim),mBERT,TargetSim,1010,test.fr-fr,0.805,0.7670753064798599,0.876,0.8179271708683473,2.1343343786976257
mBERT (TargetSim),mBERT,TargetSim,1010,test.ru-ru,0.763,0.7279029462738301,0.84,0.7799442896935933,2.6871245034269005
mBERT (TargetSim),mBERT,TargetSim,1010,test.zh-zh,0.793,0.7668488160291439,0.842,0.8026692087702574,2.2014304872319443
mBERT (TargetSim),mBERT,TargetSim,1010,test.en-ar,0.738,0.8562874251497006,0.572,0.6858513189448441,2.687331853001747
mBERT (TargetSim),mBERT,TargetSim,1010,test.en-fr,0.807,0.8358862144420132,0.764,0.7983281086729362,1.7562600083564244
mBERT (TargetSim),mBERT,TargetSim,1010,test.en-ru,0.808,0.8701923076923077,0.724,0.7903930131004366,1.7927895602780837
mBERT (TargetSim),mBERT,TargetSim,1010,test.en-zh,0.837,0.9040767386091128,0.754,0.822246455834242,1.4677964108820614
mBERT (TargetSim),mBERT,TargetSim,1011,dev.en-en,0.841,0.8117001828153565,0.888,0.8481375358166189,1.704900084399603
mBERT (TargetSim),mBERT,TargetSim,1011,test.ar-ar,0.741,0.6978653530377669,0.85,0.7664562669071235,2.7302275892870917
mBERT (TargetSim),mBERT,TargetSim,1011,test.en-en,0.843,0.810126582278481,0.896,0.8509021842355176,1.6447839028529605
mBERT (TargetSim),mBERT,TargetSim,1011,test.fr-fr,0.784,0.7473867595818815,0.858,0.7988826815642458,2.181959823915881
mBERT (TargetSim),mBERT,TargetSim,1011,test.ru-ru,0.752,0.7,0.882,0.7805309734513274,2.865314241589487
mBERT (TargetSim),mBERT,TargetSim,1011,test.zh-zh,0.782,0.7319078947368421,0.89,0.8032490974729242,2.5288151116733983
mBERT (TargetSim),mBERT,TargetSim,1011,test.en-ar,0.739,0.8545994065281899,0.576,0.6881720430107527,2.630749878545418
mBERT (TargetSim),mBERT,TargetSim,1011,test.en-fr,0.832,0.8640350877192983,0.788,0.8242677824267782,1.6437363484669087
mBERT (TargetSim),mBERT,TargetSim,1011,test.en-ru,0.809,0.8601398601398601,0.738,0.7944025834230355,1.6847300088158268
mBERT (TargetSim),mBERT,TargetSim,1011,test.en-zh,0.845,0.9058823529411765,0.77,0.8324324324324325,1.3553645338062281
mBERT (TargetSim),mBERT,TargetSim,1012,dev.en-en,0.85,0.848605577689243,0.852,0.8502994011976048,1.4329037460706655
mBERT (TargetSim),mBERT,TargetSim,1012,test.ar-ar,0.748,0.75,0.744,0.7469879518072289,2.542401249776514
mBERT (TargetSim),mBERT,TargetSim,1012,test.en-en,0.849,0.8401559454191033,0.862,0.8509378084896347,1.3777634456756593
mBERT (TargetSim),mBERT,TargetSim,1012,test.fr-fr,0.824,0.8045112781954887,0.856,0.8294573643410853,1.7591916782887247
mBERT (TargetSim),mBERT,TargetSim,1012,test.ru-ru,0.765,0.7476635514018691,0.8,0.7729468599033816,2.3216344209447763
mBERT (TargetSim),mBERT,TargetSim,1012,test.zh-zh,0.807,0.7869158878504673,0.842,0.8135265700483092,1.8562665530502884
mBERT (TargetSim),mBERT,TargetSim,1012,test.en-ar,0.659,0.8803827751196173,0.368,0.5190409026798307,4.083595066068235
mBERT (TargetSim),mBERT,TargetSim,1012,test.en-fr,0.811,0.9038961038961039,0.696,0.7864406779661017,1.8142166536156008
mBERT (TargetSim),mBERT,TargetSim,1012,test.en-ru,0.778,0.9112426035502958,0.616,0.7350835322195705,2.2243252297507388
mBERT (TargetSim),mBERT,TargetSim,1012,test.en-zh,0.798,0.9281609195402298,0.646,0.7617924528301887,1.853958071002463
mBERT (TargetSim),mBERT,TargetSim,1013,dev.en-en,0.839,0.8192090395480226,0.87,0.8438409311348206,1.6781422516437563
mBERT (TargetSim),mBERT,TargetSim,1013,test.ar-ar,0.72,0.7075471698113207,0.75,0.7281553398058253,2.9560463849572383
mBERT (TargetSim),mBERT,TargetSim,1013,test.en-en,0.855,0.8256880733944955,0.9,0.861244019138756,1.412826587857628
mBERT (TargetSim),mBERT,TargetSim,1013,test.fr-fr,0.794,0.7491525423728813,0.884,0.8110091743119267,1.9731652672656694
mBERT (TargetSim),mBERT,TargetSim,1013,test.ru-ru,0.766,0.7341549295774648,0.834,0.7808988764044944,2.603006611909932
mBERT (TargetSim),mBERT,TargetSim,1013,test.zh-zh,0.8,0.7631578947368421,0.87,0.8130841121495327,2.0966791130511044
mBERT (TargetSim),mBERT,TargetSim,1013,test.en-ar,0.655,0.8934010152284264,0.352,0.5050215208034433,4.4457869116201865
mBERT (TargetSim),mBERT,TargetSim,1013,test.en-fr,0.82,0.9,0.72,0.8,1.6906280502769664
mBERT (TargetSim),mBERT,TargetSim,1013,test.en-ru,0.791,0.8986301369863013,0.656,0.7583815028901734,2.0819755751088076
mBERT (TargetSim),mBERT,TargetSim,1013,test.en-zh,0.807,0.9159891598915989,0.676,0.7779056386651323,1.843188566185373
mBERT (TargetSim),mBERT,TargetSim,1014,dev.en-en,0.836,0.8157894736842105,0.868,0.8410852713178295,1.7680547961518438
mBERT (TargetSim),mBERT,TargetSim,1014,test.ar-ar,0.736,0.7322834645669292,0.744,0.7380952380952381,2.7668033702662216
mBERT (TargetSim),mBERT,TargetSim,1014,test.en-en,0.859,0.8355140186915888,0.894,0.863768115942029,1.398949692149493
mBERT (TargetSim),mBERT,TargetSim,1014,test.fr-fr,0.819,0.7843137254901961,0.88,0.8294062205466541,1.7931071970353214
mBERT (TargetSim),mBERT,TargetSim,1014,test.ru-ru,0.777,0.7425569176882661,0.848,0.7917833800186741,2.574606777938184
mBERT (TargetSim),mBERT,TargetSim,1014,test.zh-zh,0.801,0.7721518987341772,0.854,0.8110161443494777,2.177859780485038
mBERT (TargetSim),mBERT,TargetSim,1014,test.en-ar,0.664,0.8942307692307693,0.372,0.5254237288135594,4.11236474091051
mBERT (TargetSim),mBERT,TargetSim,1014,test.en-fr,0.821,0.9002493765586035,0.722,0.8013318534961155,1.7504052820681208
mBERT (TargetSim),mBERT,TargetSim,1014,test.en-ru,0.796,0.9,0.666,0.7655172413793103,1.9880605650653624
mBERT (TargetSim),mBERT,TargetSim,1014,test.en-zh,0.828,0.9315789473684211,0.708,0.8045454545454546,1.6590515180168117
mBERT (TargetPOS),mBERT,TargetPOS,1000,dev.en-en,0.827,0.7873462214411248,0.896,0.8381665107577175,1.3345785160519972
mBERT (TargetPOS),mBERT,TargetPOS,1000,test.ar-ar,0.749,0.7120954003407155,0.836,0.7690892364305428,1.7986406158255885
mBERT (TargetPOS),mBERT,TargetPOS,1000,test.en-en,0.826,0.7942238267148014,0.88,0.8349146110056926,1.2020788271516782
mBERT (TargetPOS),mBERT,TargetPOS,1000,test.fr-fr,0.793,0.7478849407783418,0.884,0.8102658111824015,1.4554171622087706
mBERT (TargetPOS),mBERT,TargetPOS,1000,test.ru-ru,0.764,0.7115384615384616,0.888,0.7900355871886121,1.8338002015993407
mBERT (TargetPOS),mBERT,TargetPOS,1000,test.zh-zh,0.794,0.7491525423728813,0.884,0.8110091743119267,1.6191767076194556
mBERT (TargetPOS),mBERT,TargetPOS,1000,test.en-ar,0.715,0.8595317725752508,0.514,0.6433041301627034,2.0406859827493027
mBERT (TargetPOS),mBERT,TargetPOS,1000,test.en-fr,0.811,0.8358531317494601,0.774,0.8037383177570093,1.1276559660867789
mBERT (TargetPOS),mBERT,TargetPOS,1000,test.en-ru,0.8,0.852112676056338,0.726,0.7840172786177105,1.3526618538221082
mBERT (TargetPOS),mBERT,TargetPOS,1000,test.en-zh,0.842,0.9052132701421801,0.764,0.8286334056399133,1.0023649587140495
mBERT (TargetPOS),mBERT,TargetPOS,1001,dev.en-en,0.841,0.8017699115044248,0.906,0.8507042253521127,1.274530844167572
mBERT (TargetPOS),mBERT,TargetPOS,1001,test.ar-ar,0.737,0.7018739352640545,0.824,0.7580496780128795,1.9502283885165526
mBERT (TargetPOS),mBERT,TargetPOS,1001,test.en-en,0.841,0.8061041292639138,0.898,0.8495742667928098,1.3409406331246614
mBERT (TargetPOS),mBERT,TargetPOS,1001,test.fr-fr,0.807,0.7697715289982425,0.876,0.8194574368568756,1.537818688929275
mBERT (TargetPOS),mBERT,TargetPOS,1001,test.ru-ru,0.768,0.7189542483660131,0.88,0.7913669064748201,2.0735234809973266
mBERT (TargetPOS),mBERT,TargetPOS,1001,test.zh-zh,0.801,0.7555178268251274,0.89,0.8172635445362718,1.794999043101619
mBERT (TargetPOS),mBERT,TargetPOS,1001,test.en-ar,0.696,0.8629629629629629,0.466,0.6051948051948052,2.582156798922668
mBERT (TargetPOS),mBERT,TargetPOS,1001,test.en-fr,0.809,0.8568129330254042,0.742,0.7952840300107181,1.3861342770317997
mBERT (TargetPOS),mBERT,TargetPOS,1001,test.en-ru,0.797,0.8817480719794345,0.686,0.7716535433070866,1.7040913258833466
mBERT (TargetPOS),mBERT,TargetPOS,1001,test.en-zh,0.838,0.9311224489795918,0.73,0.8183856502242153,1.280783318271171
mBERT (TargetPOS),mBERT,TargetPOS,1002,dev.en-en,0.829,0.8477801268498943,0.802,0.8242548818088387,0.5168907297290861
mBERT (TargetPOS),mBERT,TargetPOS,1002,test.ar-ar,0.763,0.772256728778468,0.746,0.7589013224821973,0.6728703397065401
mBERT (TargetPOS),mBERT,TargetPOS,1002,test.en-en,0.832,0.8306772908366534,0.834,0.8323353293413174,0.47976639747992156
mBERT (TargetPOS),mBERT,TargetPOS,1002,test.fr-fr,0.806,0.8084677419354839,0.802,0.8052208835341366,0.5452716115005314
mBERT (TargetPOS),mBERT,TargetPOS,1002,test.ru-ru,0.772,0.7677165354330708,0.78,0.7738095238095238,0.658175933457911
mBERT (TargetPOS),mBERT,TargetPOS,1002,test.zh-zh,0.791,0.8024948024948025,0.772,0.7869520897043832,0.5822019193544984
mBERT (TargetPOS),mBERT,TargetPOS,1002,test.en-ar,0.661,0.896551724137931,0.364,0.5177809388335705,1.0614268875718116
mBERT (TargetPOS),mBERT,TargetPOS,1002,test.en-fr,0.785,0.8904109589041096,0.65,0.7514450867052023,0.589849073909223
mBERT (TargetPOS),mBERT,TargetPOS,1002,test.en-ru,0.763,0.8996960486322189,0.592,0.7141133896260555,0.7000909275263548
mBERT (TargetPOS),mBERT,TargetPOS,1002,test.en-zh,0.756,0.9295302013422819,0.554,0.6942355889724311,0.625477346688509
mBERT (TargetPOS),mBERT,TargetPOS,1003,dev.en-en,0.836,0.8032490974729242,0.89,0.8444022770398482,0.9288451549235252
mBERT (TargetPOS),mBERT,TargetPOS,1003,test.ar-ar,0.731,0.7225433526011561,0.75,0.7360157016683022,1.6614984206035732
mBERT (TargetPOS),mBERT,TargetPOS,1003,test.en-en,0.858,0.8196428571428571,0.918,0.8660377358490566,0.7972408956721337
mBERT (TargetPOS),mBERT,TargetPOS,1003,test.fr-fr,0.791,0.7412935323383084,0.894,0.8105167724388033,1.1088455660243053
mBERT (TargetPOS),mBERT,TargetPOS,1003,test.ru-ru,0.771,0.7300509337860781,0.86,0.7897153351698806,1.3284461111788697
mBERT (TargetPOS),mBERT,TargetPOS,1003,test.zh-zh,0.797,0.7521222410865874,0.886,0.8135904499540864,1.2018854612618162
mBERT (TargetPOS),mBERT,TargetPOS,1003,test.en-ar,0.655,0.8934010152284264,0.352,0.5050215208034433,2.463495428847207
mBERT (TargetPOS),mBERT,TargetPOS,1003,test.en-fr,0.798,0.882051282051282,0.688,0.7730337078651686,1.0655371512553211
mBERT (TargetPOS),mBERT,TargetPOS,1003,test.en-ru,0.788,0.8977900552486188,0.65,0.7540603248259861,1.180731513375911
mBERT (TargetPOS),mBERT,TargetPOS,1003,test.en-zh,0.82,0.946927374301676,0.678,0.7902097902097902,1.0026557722911529
mBERT (TargetPOS),mBERT,TargetPOS,1004,dev.en-en,0.822,0.8181818181818182,0.828,0.8230616302186878,0.5610722737153993
mBERT (TargetPOS),mBERT,TargetPOS,1004,test.ar-ar,0.741,0.7312859884836852,0.762,0.7463271302644466,0.7617800583839417
mBERT (TargetPOS),mBERT,TargetPOS,1004,test.en-en,0.854,0.8390804597701149,0.876,0.8571428571428571,0.4754846458770335
mBERT (TargetPOS),mBERT,TargetPOS,1004,test.fr-fr,0.788,0.7618181818181818,0.838,0.7980952380952381,0.6182367883436382
mBERT (TargetPOS),mBERT,TargetPOS,1004,test.ru-ru,0.767,0.7486033519553073,0.804,0.7753134040501446,0.7912035248279572
mBERT (TargetPOS),mBERT,TargetPOS,1004,test.zh-zh,0.783,0.7586837294332724,0.83,0.792741165234002,0.6660225237403065
mBERT (TargetPOS),mBERT,TargetPOS,1004,test.en-ar,0.697,0.8893280632411067,0.45,0.5976095617529881,0.9831386088728905
mBERT (TargetPOS),mBERT,TargetPOS,1004,test.en-fr,0.808,0.875609756097561,0.718,0.789010989010989,0.5297528819218278
mBERT (TargetPOS),mBERT,TargetPOS,1004,test.en-ru,0.797,0.896,0.672,0.768,0.6560653279274702
mBERT (TargetPOS),mBERT,TargetPOS,1004,test.en-zh,0.795,0.9131652661064426,0.652,0.7607934655775963,0.5763206993304193
mBERT (TargetPOS),mBERT,TargetPOS,1005,dev.en-en,0.83,0.8033088235294118,0.874,0.8371647509578544,1.2937386699961675
mBERT (TargetPOS),mBERT,TargetPOS,1005,test.ar-ar,0.741,0.7140319715808171,0.804,0.7563499529633114,1.8499295079446747
mBERT (TargetPOS),mBERT,TargetPOS,1005,test.en-en,0.846,0.8045774647887324,0.914,0.8558052434456929,1.1765684270478063
mBERT (TargetPOS),mBERT,TargetPOS,1005,test.fr-fr,0.815,0.7739130434782608,0.89,0.827906976744186,1.3825187837834592
mBERT (TargetPOS),mBERT,TargetPOS,1005,test.ru-ru,0.773,0.7241379310344828,0.882,0.7953110910730388,1.815746303589607
mBERT (TargetPOS),mBERT,TargetPOS,1005,test.zh-zh,0.794,0.7483108108108109,0.886,0.8113553113553114,1.654679544230543
mBERT (TargetPOS),mBERT,TargetPOS,1005,test.en-ar,0.697,0.8773946360153256,0.458,0.6018396846254928,2.528559368548973
mBERT (TargetPOS),mBERT,TargetPOS,1005,test.en-fr,0.809,0.8503401360544217,0.75,0.7970244420828906,1.2205483329399267
mBERT (TargetPOS),mBERT,TargetPOS,1005,test.en-ru,0.799,0.8903394255874674,0.682,0.7723669309173273,1.5057268060629576
mBERT (TargetPOS),mBERT,TargetPOS,1005,test.en-zh,0.804,0.9293785310734464,0.658,0.7704918032786885,1.2482492385176855
mBERT (TargetPOS),mBERT,TargetPOS,1006,dev.en-en,0.851,0.836852207293666,0.872,0.8540646425073457,1.1776340811039443
mBERT (TargetPOS),mBERT,TargetPOS,1006,test.ar-ar,0.739,0.7394789579158316,0.738,0.7387387387387387,2.128503436182422
mBERT (TargetPOS),mBERT,TargetPOS,1006,test.en-en,0.865,0.8360957642725598,0.908,0.8705656759348035,0.9557089978390059
mBERT (TargetPOS),mBERT,TargetPOS,1006,test.fr-fr,0.813,0.7740805604203153,0.884,0.8253968253968254,1.368939768956169
mBERT (TargetPOS),mBERT,TargetPOS,1006,test.ru-ru,0.771,0.7432675044883303,0.828,0.783349101229896,1.8604804696100254
mBERT (TargetPOS),mBERT,TargetPOS,1006,test.zh-zh,0.81,0.7777777777777778,0.868,0.8204158790170132,1.5171014920327133
mBERT (TargetPOS),mBERT,TargetPOS,1006,test.en-ar,0.633,0.9079754601226994,0.296,0.4464555052790347,3.677711913250045
mBERT (TargetPOS),mBERT,TargetPOS,1006,test.en-fr,0.788,0.8913043478260869,0.656,0.7557603686635944,1.568699827004897
mBERT (TargetPOS),mBERT,TargetPOS,1006,test.en-ru,0.778,0.9161676646706587,0.612,0.7338129496402878,1.7670585357264499
mBERT (TargetPOS),mBERT,TargetPOS,1006,test.en-zh,0.799,0.9462686567164179,0.634,0.7592814371257485,1.491206019535377
mBERT (TargetPOS),mBERT,TargetPOS,1007,dev.en-en,0.835,0.7996422182468694,0.894,0.8441926345609065,1.4518482382049747
mBERT (TargetPOS),mBERT,TargetPOS,1007,test.ar-ar,0.748,0.7279411764705882,0.792,0.7586206896551724,2.0346096503001916
mBERT (TargetPOS),mBERT,TargetPOS,1007,test.en-en,0.833,0.7957371225577264,0.896,0.8428974600188147,1.3880012483180453
mBERT (TargetPOS),mBERT,TargetPOS,1007,test.fr-fr,0.81,0.7709790209790209,0.882,0.8227611940298507,1.6742667437729841
mBERT (TargetPOS),mBERT,TargetPOS,1007,test.ru-ru,0.772,0.7274247491638796,0.87,0.7923497267759563,2.1975139967519453
mBERT (TargetPOS),mBERT,TargetPOS,1007,test.zh-zh,0.778,0.7396551724137931,0.858,0.7944444444444444,1.9380610703474448
mBERT (TargetPOS),mBERT,TargetPOS,1007,test.en-ar,0.685,0.8806584362139918,0.428,0.576043068640646,2.9418429075405776
mBERT (TargetPOS),mBERT,TargetPOS,1007,test.en-fr,0.823,0.871264367816092,0.758,0.8106951871657754,1.2651893133310879
mBERT (TargetPOS),mBERT,TargetPOS,1007,test.en-ru,0.803,0.899736147757256,0.682,0.7758816837315131,1.709870871924386
mBERT (TargetPOS),mBERT,TargetPOS,1007,test.en-zh,0.831,0.9321148825065274,0.714,0.8086070215175538,1.2423662147208627
mBERT (TargetPOS),mBERT,TargetPOS,1008,dev.en-en,0.834,0.8014440433212996,0.888,0.8425047438330171,0.5042287444360555
mBERT (TargetPOS),mBERT,TargetPOS,1008,test.ar-ar,0.748,0.7431372549019608,0.758,0.7504950495049505,0.7061125029027462
mBERT (TargetPOS),mBERT,TargetPOS,1008,test.en-en,0.852,0.8247232472324724,0.894,0.8579654510556622,0.42408892698958517
mBERT (TargetPOS),mBERT,TargetPOS,1008,test.fr-fr,0.815,0.7787610619469026,0.88,0.8262910798122066,0.5288725667223334
mBERT (TargetPOS),mBERT,TargetPOS,1008,test.ru-ru,0.782,0.7482394366197183,0.85,0.795880149812734,0.6287856151908636
mBERT (TargetPOS),mBERT,TargetPOS,1008,test.zh-zh,0.784,0.7491228070175439,0.854,0.7981308411214953,0.5899136080294848
mBERT (TargetPOS),mBERT,TargetPOS,1008,test.en-ar,0.655,0.8894472361809045,0.354,0.5064377682403434,1.1369183157533407
mBERT (TargetPOS),mBERT,TargetPOS,1008,test.en-fr,0.79,0.8717948717948718,0.68,0.7640449438202247,0.5539426767230033
mBERT (TargetPOS),mBERT,TargetPOS,1008,test.en-ru,0.758,0.8816568047337278,0.596,0.711217183770883,0.7092119235992431
mBERT (TargetPOS),mBERT,TargetPOS,1008,test.en-zh,0.795,0.9226361031518625,0.644,0.7585394581861012,0.5619368369355798
mBERT (TargetPOS),mBERT,TargetPOS,1009,dev.en-en,0.847,0.8304761904761905,0.872,0.8507317073170731,1.1303392422756091
mBERT (TargetPOS),mBERT,TargetPOS,1009,test.ar-ar,0.724,0.7,0.784,0.7396226415094339,2.2546472430110445
mBERT (TargetPOS),mBERT,TargetPOS,1009,test.en-en,0.858,0.8254545454545454,0.908,0.8647619047619047,1.0556826560481938
mBERT (TargetPOS),mBERT,TargetPOS,1009,test.fr-fr,0.803,0.7607573149741824,0.884,0.8177613320999075,1.4645562141305832
mBERT (TargetPOS),mBERT,TargetPOS,1009,test.ru-ru,0.765,0.7370304114490162,0.824,0.7780925401322002,1.9395306325986421
mBERT (TargetPOS),mBERT,TargetPOS,1009,test.zh-zh,0.801,0.7608318890814558,0.878,0.8152274837511606,1.663080197952307
mBERT (TargetPOS),mBERT,TargetPOS,1009,test.en-ar,0.648,0.8775510204081632,0.344,0.4942528735632184,3.6253554742034066
mBERT (TargetPOS),mBERT,TargetPOS,1009,test.en-fr,0.816,0.895,0.716,0.7955555555555556,1.4031518218949663
mBERT (TargetPOS),mBERT,TargetPOS,1009,test.en-ru,0.782,0.8938547486033519,0.64,0.745920745920746,1.719019892373697
mBERT (TargetPOS),mBERT,TargetPOS,1009,test.en-zh,0.827,0.9336870026525199,0.704,0.8027366020524516,1.4121594372100699
mBERT (TargetPOS),mBERT,TargetPOS,1010,dev.en-en,0.831,0.7992766726943942,0.884,0.8395061728395061,0.4977993037570268
mBERT (TargetPOS),mBERT,TargetPOS,1010,test.ar-ar,0.726,0.6921768707482994,0.814,0.7481617647058824,0.7464031932204962
mBERT (TargetPOS),mBERT,TargetPOS,1010,test.en-en,0.837,0.8014311270125224,0.896,0.846081208687441,0.474527744455263
mBERT (TargetPOS),mBERT,TargetPOS,1010,test.fr-fr,0.791,0.7461928934010152,0.882,0.8084326306141155,0.5578690807819366
mBERT (TargetPOS),mBERT,TargetPOS,1010,test.ru-ru,0.764,0.7185430463576159,0.868,0.7862318840579711,0.7111179519984872
mBERT (TargetPOS),mBERT,TargetPOS,1010,test.zh-zh,0.808,0.7682926829268293,0.882,0.8212290502793296,0.5579472735114396
mBERT (TargetPOS),mBERT,TargetPOS,1010,test.en-ar,0.705,0.8754578754578755,0.478,0.6183699870633894,0.8238327138721943
mBERT (TargetPOS),mBERT,TargetPOS,1010,test.en-fr,0.817,0.8577878103837472,0.76,0.8059384941675504,0.45989431616663934
mBERT (TargetPOS),mBERT,TargetPOS,1010,test.en-ru,0.794,0.8693467336683417,0.692,0.7706013363028953,0.5594037232846022
mBERT (TargetPOS),mBERT,TargetPOS,1010,test.en-zh,0.83,0.9296875,0.714,0.8076923076923077,0.44142868801206353
mBERT (TargetPOS),mBERT,TargetPOS,1011,dev.en-en,0.836,0.8134328358208955,0.872,0.8416988416988417,1.22244809815563
mBERT (TargetPOS),mBERT,TargetPOS,1011,test.ar-ar,0.742,0.7240740740740741,0.782,0.7519230769230769,1.9655256116526651
mBERT (TargetPOS),mBERT,TargetPOS,1011,test.en-en,0.842,0.8313953488372093,0.858,0.844488188976378,1.108294717484031
mBERT (TargetPOS),mBERT,TargetPOS,1011,test.fr-fr,0.815,0.7879341864716636,0.862,0.8233046800382043,1.4267399251254973
mBERT (TargetPOS),mBERT,TargetPOS,1011,test.ru-ru,0.77,0.7295918367346939,0.858,0.7886029411764706,1.8556037588550334
mBERT (TargetPOS),mBERT,TargetPOS,1011,test.zh-zh,0.787,0.7530864197530864,0.854,0.8003748828491096,1.5270172998747111
mBERT (TargetPOS),mBERT,TargetPOS,1011,test.en-ar,0.699,0.8783269961977186,0.462,0.6055045871559633,2.5560077429243537
mBERT (TargetPOS),mBERT,TargetPOS,1011,test.en-fr,0.817,0.8711943793911007,0.744,0.8025889967637541,1.3214139369342504
mBERT (TargetPOS),mBERT,TargetPOS,1011,test.en-ru,0.781,0.889196675900277,0.642,0.7456445993031359,1.6440441238892454
mBERT (TargetPOS),mBERT,TargetPOS,1011,test.en-zh,0.818,0.9228723404255319,0.694,0.7922374429223744,1.3180270803606837
mBERT (TargetPOS),mBERT,TargetPOS,1012,dev.en-en,0.832,0.8267716535433071,0.84,0.8333333333333334,0.5343208010969683
mBERT (TargetPOS),mBERT,TargetPOS,1012,test.ar-ar,0.759,0.7393715341959335,0.8,0.7684918347742555,0.7582217555269599
mBERT (TargetPOS),mBERT,TargetPOS,1012,test.en-en,0.82,0.803030303030303,0.848,0.8249027237354085,0.522155934523791
mBERT (TargetPOS),mBERT,TargetPOS,1012,test.fr-fr,0.805,0.7787934186471663,0.852,0.8137535816618912,0.5914809596277774
mBERT (TargetPOS),mBERT,TargetPOS,1012,test.ru-ru,0.778,0.7509025270758123,0.832,0.7893738140417458,0.7081451543197036
mBERT (TargetPOS),mBERT,TargetPOS,1012,test.zh-zh,0.809,0.7783783783783784,0.864,0.818957345971564,0.5738914221227169
mBERT (TargetPOS),mBERT,TargetPOS,1012,test.en-ar,0.689,0.8566037735849057,0.454,0.5934640522875817,1.0124169335663318
mBERT (TargetPOS),mBERT,TargetPOS,1012,test.en-fr,0.8,0.8694581280788177,0.706,0.7792494481236203,0.5565811721421778
mBERT (TargetPOS),mBERT,TargetPOS,1012,test.en-ru,0.776,0.8709677419354839,0.648,0.7431192660550459,0.6860579678863287
mBERT (TargetPOS),mBERT,TargetPOS,1012,test.en-zh,0.797,0.9136490250696379,0.656,0.7636786961583236,0.5497865027077496
mBERT (TargetPOS),mBERT,TargetPOS,1013,dev.en-en,0.846,0.8392156862745098,0.856,0.8475247524752475,1.3072883086004103
mBERT (TargetPOS),mBERT,TargetPOS,1013,test.ar-ar,0.723,0.728952772073922,0.71,0.7193515704154002,2.248333657508446
mBERT (TargetPOS),mBERT,TargetPOS,1013,test.en-en,0.872,0.848314606741573,0.906,0.8762088974854932,1.0391654449389784
mBERT (TargetPOS),mBERT,TargetPOS,1013,test.fr-fr,0.822,0.7885304659498208,0.88,0.831758034026465,1.4083401299484088
mBERT (TargetPOS),mBERT,TargetPOS,1013,test.ru-ru,0.797,0.7906066536203522,0.808,0.7992087042532147,1.7776023119934192
mBERT (TargetPOS),mBERT,TargetPOS,1013,test.zh-zh,0.801,0.7731397459165155,0.852,0.8106565176022835,1.600617834327364
mBERT (TargetPOS),mBERT,TargetPOS,1013,test.en-ar,0.639,0.9017341040462428,0.312,0.4635958395245171,3.940175151502317
mBERT (TargetPOS),mBERT,TargetPOS,1013,test.en-fr,0.793,0.8991825613079019,0.66,0.7612456747404844,1.6161657315026419
mBERT (TargetPOS),mBERT,TargetPOS,1013,test.en-ru,0.758,0.8885542168674698,0.59,0.7091346153846154,2.0064089691735028
mBERT (TargetPOS),mBERT,TargetPOS,1013,test.en-zh,0.803,0.9495548961424333,0.64,0.7646356033452808,1.6777195454234923
mBERT (TargetPOS),mBERT,TargetPOS,1014,dev.en-en,0.831,0.8164435946462715,0.854,0.8347996089931574,0.4288054829351604
mBERT (TargetPOS),mBERT,TargetPOS,1014,test.ar-ar,0.752,0.7377358490566037,0.782,0.7592233009708738,0.6152124685719609
mBERT (TargetPOS),mBERT,TargetPOS,1014,test.en-en,0.862,0.8389513108614233,0.896,0.8665377176015474,0.3670698055550456
mBERT (TargetPOS),mBERT,TargetPOS,1014,test.fr-fr,0.803,0.7710196779964222,0.862,0.8139754485363551,0.479829655546695
mBERT (TargetPOS),mBERT,TargetPOS,1014,test.ru-ru,0.766,0.7341549295774648,0.834,0.7808988764044944,0.6045362944453955
mBERT (TargetPOS),mBERT,TargetPOS,1014,test.zh-zh,0.813,0.7882136279926335,0.856,0.8207094918504314,0.4813729183524847
mBERT (TargetPOS),mBERT,TargetPOS,1014,test.en-ar,0.666,0.8915094339622641,0.378,0.5308988764044944,0.8773237480223179
mBERT (TargetPOS),mBERT,TargetPOS,1014,test.en-fr,0.8,0.9010695187165776,0.674,0.7711670480549199,0.4774621991068125
mBERT (TargetPOS),mBERT,TargetPOS,1014,test.en-ru,0.786,0.9156976744186046,0.63,0.7464454976303317,0.5683683530390262
mBERT (TargetPOS),mBERT,TargetPOS,1014,test.en-zh,0.791,0.9504643962848297,0.614,0.7460510328068044,0.49907427886128425
