model,backbone,variant,split,accuracy_mean,accuracy_std,accuracy_count,precision_mean,precision_std,precision_count,recall_mean,recall_std,recall_count,f1_mean,f1_std,f1_count,loss_mean,loss_std,loss_count
mBERT (PairCLS),mBERT,PairCLS,dev.en-en,0.8216,0.0047629522657396395,15,0.8314046496967656,0.01574184742038788,15,0.8077333333333333,0.022050159269481975,15,0.8190135557394248,0.006138038420711675,15,0.6869895410588475,0.20428528207032656,15
mBERT (PairCLS),mBERT,PairCLS,test.ar-ar,0.7388666666666667,0.00605765945685609,15,0.7825165775518382,0.014639930992660807,15,0.6626666666666666,0.0267652938033744,15,0.717088163748313,0.011642681933566441,15,0.7033164911011539,0.12284778099458535,15
mBERT (PairCLS),mBERT,PairCLS,test.en-ar,0.5550666666666667,0.01731418356091186,15,0.9116517777525607,0.038630430560920734,15,0.12413333333333335,0.044300704068359696,15,0.21514257510540086,0.06756990005831899,15,1.4631464992132452,0.5198006785078827,15
mBERT (PairCLS),mBERT,PairCLS,test.en-en,0.8134,0.006716716885077501,15,0.8320899492904539,0.01899958609225506,15,0.7864000000000001,0.021316660151158757,15,0.8081777624675613,0.0068022484527363765,15,0.6848687430381746,0.20783146600620295,15
mBERT (PairCLS),mBERT,PairCLS,test.en-fr,0.659,0.023772733480667663,15,0.8338370444138319,0.01678774829549147,15,0.3981333333333333,0.06366639242025203,15,0.535736720351877,0.057881207489912004,15,1.126007286143839,0.3856791105944376,15
mBERT (PairCLS),mBERT,PairCLS,test.en-ru,0.6174,0.020569741994353914,15,0.8298984380999036,0.019224131685755992,15,0.2966666666666667,0.0573742932314597,15,0.4336554385038838,0.061053318440719574,15,1.2672711082364596,0.4435007507119494,15
mBERT (PairCLS),mBERT,PairCLS,test.en-zh,0.5531333333333334,0.015720172057703704,15,0.8747994274979942,0.03053799901983277,15,0.12546666666666667,0.04122736030957159,15,0.21667189117336128,0.06114458165484712,15,1.4048767805099487,0.5035578244846083,15
mBERT (PairCLS),mBERT,PairCLS,test.fr-fr,0.7653333333333333,0.012192894105447941,15,0.8022058434086939,0.012348556104309197,15,0.7050666666666667,0.03812660613322533,15,0.7498147660413491,0.019077129258374705,15,0.6947063210957423,0.15926522861792455,15
mBERT (PairCLS),mBERT,PairCLS,test.ru-ru,0.7085333333333333,0.009583219461021197,15,0.7629729849448162,0.01632658504174481,15,0.6066666666666667,0.0397899245442624,15,0.6748013562862869,0.021500356644393478,15,0.8614238415563863,0.20529125814283292,15
mBERT (PairCLS),mBERT,PairCLS,test.zh-zh,0.6983999999999999,0.01222877169395425,15,0.8247658111000014,0.016623542155822738,15,0.5049333333333333,0.03903014707828272,15,0.6251845290807316,0.02808401324558376,15,0.829454981715039,0.18911905506226465,15
mBERT (GloSeGAT),mBERT,GloSeGAT,dev.en-en,0.8359333333333333,0.007506822293912455,15,0.8179181153601643,0.02149766125663392,15,0.8658666666666667,0.02441857216682962,15,0.8406802165976089,0.006620296192893452,15,1.0465002518316608,0.27791681242161953,15
mBERT (GloSeGAT),mBERT,GloSeGAT,test.ar-ar,0.7276666666666666,0.011273652384885667,15,0.7562545333865379,0.01881983467295872,15,0.6733333333333333,0.031347514521356645,15,0.7117287654413734,0.015779370405045096,15,1.5192922679317378,0.3845065551454403,15
mBERT (GloSeGAT),mBERT,GloSeGAT,test.en-ar,0.7211333333333333,0.028650272166911347,15,0.8620723886634755,0.02181998813653157,15,0.5272,0.06700447746233082,15,0.6515075098393662,0.05709786288567688,15,1.7957380431033365,0.52718946643159,15
mBERT (GloSeGAT),mBERT,GloSeGAT,test.en-en,0.8488666666666667,0.00717004350122954,15,0.8251496184680606,0.018485860778551855,15,0.8865333333333333,0.02346385264513018,15,0.8543108225350415,0.00703212505485069,15,0.9636816814856641,0.2528128471706319,15
mBERT (GloSeGAT),mBERT,GloSeGAT,test.en-fr,0.8247333333333332,0.01495453427018356,15,0.8488141848107477,0.022105129582687656,15,0.7922666666666667,0.05203771526041288,15,0.818043670373347,0.023292109679719307,15,0.9910595080380623,0.23884883719791392,15
mBERT (GloSeGAT),mBERT,GloSeGAT,test.en-ru,0.8114,0.012905148474266239,15,0.8597610737499057,0.026369968395032063,15,0.7464,0.04601366256729782,15,0.7976177625454686,0.021140952822606054,15,1.1292608136575792,0.2868312362864666,15
mBERT (GloSeGAT),mBERT,GloSeGAT,test.en-zh,0.8446666666666667,0.02033528483999692,15,0.8850881360507094,0.020554946056405638,15,0.7933333333333333,0.05090420508404088,15,0.8354739827752751,0.027712787399542273,15,0.8527933520584697,0.19768899659178563,15
mBERT (GloSeGAT),mBERT,GloSeGAT,test.fr-fr,0.7818,0.010029955134495857,15,0.7406443794489392,0.017754310365246752,15,0.8690666666666667,0.02488679129482911,15,0.7992923637090497,0.008147131902473525,15,1.4129759045861279,0.39461990444270484,15
mBERT (GloSeGAT),mBERT,GloSeGAT,test.ru-ru,0.764,0.009242757782641059,15,0.7775537939317181,0.009652614034537687,15,0.74,0.027118786319239484,15,0.7579855294870737,0.013133510471083226,15,1.2098672278198026,0.30083475371179114,15
mBERT (GloSeGAT),mBERT,GloSeGAT,test.zh-zh,0.7852666666666667,0.011385872616453055,15,0.7526973688978871,0.015994924944745182,15,0.8506666666666667,0.020137621744481398,15,0.7984399295806843,0.010256430958335169,15,1.441179733125719,0.4147743225449181,15
mBERT (MarkCLS),mBERT,MarkCLS,dev.en-en,0.8416666666666667,0.0069247657687737845,15,0.8531339298165166,0.016744844921743926,15,0.8261333333333333,0.016894067710575916,15,0.8391541658639258,0.006793709950403036,15,0.6951611431110961,0.17875631369397338,15
mBERT (MarkCLS),mBERT,MarkCLS,test.ar-ar,0.751,0.009007933011676846,15,0.7643411169862915,0.026822420465372216,15,0.7297333333333333,0.04363397540362109,15,0.745155615630883,0.013961332828485988,15,0.7875092237465704,0.2025851284761183,15
mBERT (MarkCLS),mBERT,MarkCLS,test.en-ar,0.5952,0.02164717071582335,15,0.9100023545216237,0.029989646542123397,15,0.21306666666666665,0.05438417136665866,15,0.3413733822823273,0.07038213925889927,15,1.6755940648032974,0.5499076231338722,15
mBERT (MarkCLS),mBERT,MarkCLS,test.en-en,0.8377333333333332,0.010436657009014414,15,0.8360533884488569,0.01708304210054851,15,0.8409333333333333,0.01969578151594421,15,0.8382275648467041,0.01044758068369187,15,0.6721457874776174,0.1740055204003698,15
mBERT (MarkCLS),mBERT,MarkCLS,test.en-fr,0.7103333333333333,0.02371156037122176,15,0.8730576218776451,0.020676837688852312,15,0.4922666666666667,0.05118519131080601,15,0.6281672382769395,0.04280880380847723,15,1.1819956665792193,0.38156643434942555,15
mBERT (MarkCLS),mBERT,MarkCLS,test.en-ru,0.67,0.015766148184367307,15,0.877887065351579,0.021362429590564926,15,0.396,0.04336555578533993,15,0.5440909362964934,0.03851741703062279,15,1.3641912303843224,0.4433624707943359,15
mBERT (MarkCLS),mBERT,MarkCLS,test.en-zh,0.6148666666666666,0.030446361890724388,15,0.9021615628445319,0.011835656737288938,15,0.258,0.06976286363716117,15,0.3964566001686839,0.08277408844526025,15,1.5414959256944556,0.5070732220643324,15
mBERT (MarkCLS),mBERT,MarkCLS,test.fr-fr,0.7909333333333334,0.006441679757271266,15,0.7993050362824966,0.017726203903725417,15,0.7784,0.029415253574585166,15,0.7881049313913838,0.00938243338411167,15,0.7473803552482277,0.18614073930045114,15
mBERT (MarkCLS),mBERT,MarkCLS,test.ru-ru,0.7322666666666666,0.007449512607898454,15,0.7525220005261826,0.01655868202481203,15,0.6940000000000001,0.03618997493387202,15,0.7212187694635966,0.014430004877859353,15,0.9394879069003587,0.24373537545097732,15
mBERT (MarkCLS),mBERT,MarkCLS,test.zh-zh,0.7434,0.02097549590764013,15,0.8014822516057034,0.02011824127068383,15,0.6494666666666667,0.06848760749911169,15,0.7148593073326348,0.040840813719027154,15,0.8314338549192375,0.19521431822281735,15
mBERT (TargetSim),mBERT,TargetSim,dev.en-en,0.8386666666666667,0.006715298809080515,15,0.8256596525188332,0.018279111038657675,15,0.8598666666666667,0.024430270060686928,15,0.8419562823665508,0.007016805116925201,15,1.3594239950073932,0.45041857319274614,15
mBERT (TargetSim),mBERT,TargetSim,test.ar-ar,0.7272666666666666,0.017922319152652216,15,0.7251346641118467,0.020333640662106547,15,0.7345333333333334,0.057497660407889215,15,0.7283344285627843,0.025816107512815763,15,2.2497159745232236,0.6503311909964593,15
mBERT (TargetSim),mBERT,TargetSim,test.en-ar,0.6620666666666667,0.04424197532832795,15,0.8907156808362973,0.026169997605782983,15,0.3733333333333333,0.11425952080784382,15,0.5151566167854494,0.10678287050224855,15,3.2385437824466567,0.886119678455386,15
mBERT (TargetSim),mBERT,TargetSim,test.en-en,0.8515333333333334,0.00930335321012704,15,0.8330710022318801,0.022887888194635338,15,0.8808,0.02113629241714019,15,0.8557995920330123,0.007369189152956077,15,1.1950874298991923,0.4177168662334126,15
mBERT (TargetSim),mBERT,TargetSim,test.en-fr,0.8019999999999999,0.026806182655712604,15,0.8909916555821372,0.02483090118050898,15,0.6909333333333334,0.07772797498480258,15,0.7749043302175507,0.045240684098430205,15,1.490941394899155,0.33197244327880937,15
mBERT (TargetSim),mBERT,TargetSim,test.en-ru,0.7824666666666666,0.026747140479115236,15,0.8985848137048792,0.023697761354150547,15,0.6392,0.07511438895825107,15,0.7436065337000586,0.04808000014147527,15,1.6826182354110462,0.39192009196888655,15
mBERT (TargetSim),mBERT,TargetSim,test.en-zh,0.8078666666666667,0.030905077406856784,15,0.9293805682176468,0.019623081213835984,15,0.6682666666666667,0.07950513610243469,15,0.7740272159612297,0.05101628377705759,15,1.4314969383387264,0.3243788803754239,15
mBERT (TargetSim),mBERT,TargetSim,test.fr-fr,0.8051333333333334,0.0113317926123594,15,0.7770777917244228,0.025753741313614957,15,0.8585333333333334,0.027123702514502673,15,0.8150467581735857,0.008132292546832074,15,1.5632649697733791,0.5232800508826277,15
mBERT (TargetSim),mBERT,TargetSim,test.ru-ru,0.7668,0.007930051341934323,15,0.7409201031625858,0.020733329823416746,15,0.8234666666666667,0.03712886183217014,15,0.7791020776283618,0.009356868912568013,15,2.0824459404702,0.6941700571634087,15
mBERT (TargetSim),mBERT,TargetSim,test.zh-zh,0.7996,0.009210242745366188,15,0.7714407395195754,0.01938300737046764,15,0.8534666666666666,0.031878937665277794,15,0.809726798108797,0.00935664641707847,15,1.7641012042580277,0.5904532847911541,15
mBERT (TargetPOS),mBERT,TargetPOS,dev.en-en,0.8351999999999999,0.007992853951231322,15,0.8150127400864667,0.017753437117658658,15,0.8685333333333334,0.028288984899898163,15,0.8404073809128991,0.009046564104397511,15,0.9442912326099685,0.3869190342076572,15
mBERT (TargetPOS),mBERT,TargetPOS,test.ar-ar,0.7415333333333333,0.012088168162455788,15,0.7257970577657407,0.020223204562813922,15,0.7788,0.03472175110791504,15,0.7506241126012976,0.013186701294881607,15,1.476834456657187,0.6665352874975183,15
mBERT (TargetPOS),mBERT,TargetPOS,test.en-ar,0.676,0.026229754097207975,15,0.8825623006890512,0.015146982102062006,15,0.4073333333333334,0.06757711644237765,15,0.5537182133021461,0.06178296652106124,15,2.150069865076516,1.1081796124246834,15
mBERT (TargetPOS),mBERT,TargetPOS,test.en-en,0.8465333333333334,0.015212150532042622,15,0.8199626269678272,0.017721767813543277,15,0.8886666666666667,0.02485002634855365,15,0.8526812847889921,0.015034839836656273,15,0.8537850201670115,0.36449967856977616,15
mBERT (TargetPOS),mBERT,TargetPOS,test.en-fr,0.8042666666666667,0.011828939492778258,15,0.8746089455464957,0.01899733433289682,15,0.7117333333333333,0.04178767191181537,15,0.7837188193658304,0.019756152024011042,15,1.009465245196757,0.4314374116136769,15
mBERT (TargetPOS),mBERT,TargetPOS,test.en-ru,0.784,0.015132745950421555,15,0.8895243124039499,0.0169175744813146,15,0.6493333333333333,0.04075478353460343,15,0.7497326230022414,0.024465085888894,15,1.2312541410329751,0.5288182898750555,15
mBERT (TargetPOS),mBERT,TargetPOS,test.en-zh,0.8097333333333334,0.0226824874759193,15,0.9304181263263587,0.013732065073098376,15,0.67,0.05225760368460403,15,0.7777472870473053,0.03430779349638621,15,0.99530372917201,0.41814089438126895,15
mBERT (TargetPOS),mBERT,TargetPOS,test.fr-fr,0.8051333333333334,0.010405126941400854,15,0.7706798380088886,0.01764374887531017,15,0.8701333333333333,0.024183426044257977,15,0.8169931950044975,0.009448193075708423,15,1.0766002430268242,0.45745006813291456,15
mBERT (TargetPOS),mBERT,TargetPOS,test.ru-ru,0.772,0.008544003745317521,15,0.7387175038133531,0.02061455516814747,15,0.8444,0.03196605342278854,15,0.7873026390433802,0.00760236052395738,15,1.3856141160943019,0.6215011436393139,15
mBERT (TargetPOS),mBERT,TargetPOS,test.zh-zh,0.7967333333333334,0.010746871083959181,15,0.763652030285433,0.01735324965823211,15,0.8609333333333333,0.02988422103161913,15,0.8088705114655209,0.011374172448524117,15,1.1978645543905937,0.5492363337440602,15
